Rk,Player,Year,AllNBA,Pos,Age,Tm,G,GS,MP,FG,FGA,FG%,3P,3PA,3P%,2P,2PA,2P%,eFG%,FT,FTA,FT%,ORB,DRB,TRB,AST,STL,BLK,TOV,PF,PTS
1,Monta Ellis,2010,0,SG,24,GSW,64,64,41.4,9.9,22,0.449,1.2,3.6,0.338,8.7,18.4,0.47,0.476,4.6,6.1,0.753,0.7,3.3,4,5.3,2.2,0.4,3.8,3,25.5
2,Gerald Wallace,2010,0,SF,27,CHA,76,76,41,6,12.4,0.484,0.7,1.8,0.371,5.3,10.6,0.503,0.511,5.6,7.2,0.776,2,8.1,10,2.1,1.5,1.1,2.3,2.6,18.2
3,Rudy Gay,2010,0,SF,23,MEM,80,80,39.7,7.5,16.1,0.466,0.8,2.5,0.327,6.7,13.6,0.492,0.491,3.8,5,0.753,1.4,4.5,5.9,1.9,1.5,0.8,2.1,2.5,19.6
4,Kevin Durant,2010,1,SF,21,OKC,82,82,39.5,9.7,20.3,0.476,1.6,4.3,0.365,8.1,16.1,0.506,0.514,9.2,10.2,0.9,1.3,6.3,7.6,2.8,1.4,1,3.3,2.1,30.1
5,LeBron James,2010,1,SF,25,CLE,76,76,39,10.1,20.1,0.503,1.7,5.1,0.333,8.4,15,0.56,0.545,7.8,10.2,0.767,0.9,6.4,7.3,8.6,1.6,1,3.4,1.6,29.7
6,Andre Iguodala,2010,0,SF,26,PHI,82,82,38.9,6,13.7,0.443,1.1,3.7,0.31,4.9,10,0.492,0.485,3.8,5.2,0.733,1,5.5,6.5,5.8,1.7,0.7,2.7,1.8,17.1
7,Kobe Bryant,2010,1,SG,31,LAL,73,73,38.8,9.8,21.5,0.456,1.4,4.1,0.329,8.5,17.4,0.487,0.488,6,7.4,0.811,1.1,4.3,5.4,5,1.5,0.3,3.2,2.6,27
8,Stephen Jackson,2010,0,SF,31,TOT,81,81,38.6,7.4,17.5,0.423,1.6,4.9,0.328,5.8,12.7,0.46,0.469,4.2,5.4,0.779,1,4,5,3.7,1.6,0.5,3.2,2.4,20.6
9,Carmelo Anthony,2010,1,SF,25,DEN,69,69,38.2,10,21.8,0.458,0.9,2.7,0.316,9.1,19.1,0.478,0.478,7.4,8.9,0.83,2.2,4.4,6.6,3.2,1.3,0.4,3,3.3,28.2
10,Joe Johnson,2010,1,SG,28,ATL,76,76,38,8.4,18.2,0.458,1.7,4.6,0.369,6.7,13.6,0.488,0.505,2.9,3.5,0.818,1,3.7,4.6,4.9,1.1,0.1,1.9,1.9,21.3
11,O.J. Mayo,2010,0,SG,22,MEM,82,82,38,6.6,14.4,0.458,1.7,4.3,0.383,5,10.1,0.49,0.516,2.6,3.2,0.809,0.7,3,3.8,3,1.2,0.2,2.1,2.1,17.5
12,Chris Paul,2010,0,PG,24,NOH,45,45,38,7,14.2,0.493,1.2,2.8,0.409,5.8,11.3,0.514,0.534,3.6,4.2,0.847,0.4,3.8,4.2,10.7,2.1,0.2,2.5,2.6,18.7
13,Luol Deng,2010,0,SF,24,CHI,70,69,37.9,6.8,14.5,0.466,0.5,1.2,0.386,6.3,13.3,0.474,0.482,3.6,4.7,0.764,1.9,5.4,7.3,2,0.9,0.9,1.9,1.8,17.6
14,Zach Randolph,2010,0,PF,28,MEM,81,81,37.7,8,16.5,0.488,0.2,0.6,0.288,7.9,15.9,0.496,0.494,4.5,5.7,0.778,4.1,7.7,11.7,1.8,1,0.4,2.1,2.8,20.8
15,Caron Butler,2010,0,SG,29,TOT,74,74,37.6,6.1,14.2,0.428,0.6,2,0.29,5.5,12.2,0.45,0.448,3.6,4.3,0.838,1.4,4.8,6.2,2.1,1.6,0.3,2.2,2.6,16.3
16,LaMarcus Aldridge,2010,0,PF,24,POR,78,78,37.5,7.4,15,0.495,0.1,0.2,0.313,7.4,14.8,0.498,0.497,2.9,3.9,0.757,2.5,5.6,8,2.1,0.9,0.6,1.3,3,17.9
17,Dirk Nowitzki,2010,1,PF,31,DAL,81,80,37.5,8.9,18.5,0.481,0.6,1.5,0.421,8.3,17,0.487,0.498,6.6,7.2,0.915,1,6.7,7.7,2.7,0.9,1,1.8,2.6,25
18,David Lee,2010,0,C,26,NYK,81,81,37.3,8.5,15.5,0.545,0,0.1,0,8.5,15.4,0.549,0.545,3.3,4.1,0.812,2.8,8.9,11.7,3.6,1,0.5,2.3,3.2,20.2
19,Tyreke Evans,2010,0,SG,20,SAC,72,72,37.2,7.4,16.2,0.458,0.5,2,0.255,6.9,14.2,0.485,0.473,4.8,6.5,0.748,0.9,4.4,5.3,5.8,1.5,0.4,3,2.8,20.1
20,Brandon Roy,2010,1,SG,25,POR,65,65,37.2,7.6,16,0.473,1.1,3.4,0.33,6.4,12.6,0.512,0.508,5.3,6.8,0.78,1.1,3.3,4.4,4.7,0.9,0.2,2,2.1,21.5
21,Jeff Green,2010,0,PF,23,OKC,82,82,37.1,5.9,13,0.453,1.3,3.8,0.333,4.6,9.2,0.503,0.502,2,2.7,0.74,1.4,4.6,6,1.6,1.3,0.9,1.6,2.7,15.1
22,Pau Gasol,2010,1,C,29,LAL,65,65,37,7,13,0.536,0,0.1,0,7,12.9,0.539,0.536,4.4,5.6,0.79,3.7,7.6,11.3,3.4,0.6,1.7,2.2,2.3,18.3
23,Brook Lopez,2010,0,C,21,NJN,82,82,36.9,6.9,13.8,0.499,0,0,0,6.9,13.7,0.5,0.499,5.1,6.2,0.817,3.3,5.4,8.6,2.3,0.7,1.7,2.5,3.1,18.8
24,Deron Williams,2010,1,PG,25,UTA,76,76,36.9,6.5,13.9,0.469,1.3,3.4,0.371,5.2,10.4,0.501,0.515,4.4,5.5,0.801,0.7,3.3,4,10.5,1.3,0.2,3.3,2.7,18.7
25,Derrick Rose,2010,0,PG,21,CHI,78,78,36.8,8.6,17.6,0.489,0.2,0.8,0.267,8.4,16.8,0.5,0.495,3.3,4.3,0.766,0.8,2.9,3.8,6,0.7,0.3,2.8,1.2,20.8
26,Danny Granger,2010,0,SF,26,IND,62,62,36.7,7.9,18.4,0.428,2.5,7.1,0.361,5.3,11.3,0.471,0.498,5.9,6.9,0.848,1.1,4.4,5.5,2.8,1.5,0.8,2.5,3,24.1
27,Rajon Rondo,2010,0,PG,23,BOS,81,81,36.6,5.7,11.2,0.508,0.2,1,0.213,5.5,10.2,0.536,0.517,2.2,3.5,0.621,1.2,3.2,4.4,9.8,2.3,0.1,3,2.4,13.7
28,Gilbert Arenas,2010,0,PG,28,WAS,32,32,36.5,7.9,19.3,0.411,2,5.7,0.348,5.9,13.6,0.437,0.462,4.8,6.5,0.739,0.5,3.6,4.2,7.2,1.3,0.3,3.7,3,22.6
29,Trevor Ariza,2010,0,SF,24,HOU,72,71,36.5,5.5,13.9,0.394,1.9,5.7,0.334,3.6,8.2,0.436,0.462,2.1,3.2,0.649,1.1,4.5,5.6,3.8,1.8,0.6,2.2,2.3,14.9
30,Antawn Jamison,2010,0,PF,33,TOT,66,64,36.5,7.2,15.7,0.461,1.3,3.7,0.344,6,12,0.498,0.502,2.9,4.5,0.647,2.1,6.3,8.4,1.3,1.1,0.3,1.4,2.7,18.7
31,David West,2010,0,PF,29,NOH,81,81,36.4,7.6,15.1,0.505,0.1,0.3,0.259,7.6,14.8,0.51,0.508,3.7,4.2,0.865,2,5.4,7.5,3,0.9,0.7,2.1,2.9,19
32,Dwyane Wade,2010,1,SG,28,MIA,77,77,36.3,9.3,19.6,0.476,0.9,3.2,0.3,8.4,16.5,0.509,0.5,6.9,9.1,0.761,1.4,3.5,4.8,6.5,1.8,1.1,3.3,2.4,26.6
33,Stephen Curry,2010,0,PG,21,GSW,80,77,36.2,6.6,14.3,0.462,2.1,4.8,0.437,4.5,9.5,0.474,0.535,2.2,2.5,0.885,0.6,3.9,4.5,5.9,1.9,0.2,3,3.2,17.5
34,Chris Bosh,2010,0,C,25,TOR,70,70,36.1,8.6,16.5,0.518,0.1,0.3,0.364,8.5,16.2,0.521,0.522,6.7,8.4,0.797,2.9,7.9,10.8,2.4,0.6,1,2.4,2.4,24
35,Eric Gordon,2010,0,SG,21,LAC,62,60,36,5.7,12.6,0.449,1.9,5.2,0.371,3.8,7.5,0.503,0.525,3.6,4.8,0.742,0.4,2.2,2.6,3,1.1,0.2,2.3,1.5,16.9
36,Jason Kidd,2010,0,PG,36,DAL,80,80,36,3.6,8.4,0.423,2.2,5.2,0.425,1.4,3.2,0.42,0.554,1,1.2,0.808,0.6,5,5.6,9.1,1.8,0.4,2.4,1.8,10.3
37,Marc Gasol,2010,0,C,25,MEM,69,69,35.8,5.5,9.4,0.581,0,0,0,5.5,9.4,0.582,0.581,3.7,5.4,0.67,3,6.3,9.3,2.4,1,1.6,2,3.7,14.6
38,Wilson Chandler,2010,0,SG,22,NYK,65,64,35.7,6.3,13.2,0.479,0.6,2.3,0.267,5.7,10.9,0.524,0.502,2,2.5,0.806,1.4,3.9,5.4,2.1,0.7,0.8,1.7,2.8,15.3
39,Aaron Brooks,2010,0,PG,25,HOU,82,82,35.6,7,16.2,0.432,2.5,6.4,0.398,4.5,9.8,0.454,0.511,3,3.6,0.822,0.7,2,2.6,5.3,0.8,0.2,2.8,2.4,19.6
40,Kevin Martin,2010,0,SG,26,TOT,46,43,35.5,6.3,15.1,0.417,1.5,4.6,0.333,4.8,10.5,0.453,0.468,6.5,7.4,0.876,0.6,2.9,3.6,2.4,1,0.1,2,2.1,20.6
41,Boris Diaw,2010,0,PF,27,CHA,82,82,35.4,4.5,9.4,0.483,0.8,2.5,0.32,3.7,6.9,0.541,0.525,1.4,1.8,0.769,1.6,3.6,5.2,4,0.7,0.7,2.2,2.7,11.3
42,Josh Smith,2010,0,PF,24,ATL,81,81,35.4,6.2,12.3,0.505,0,0.1,0,6.2,12.2,0.508,0.505,3.2,5.2,0.618,2.8,6,8.7,4.2,1.6,2.1,2.4,3,15.7
43,Ray Allen,2010,0,SG,34,BOS,80,80,35.2,5.8,12.2,0.477,1.8,5,0.363,4,7.2,0.556,0.551,2.9,3.2,0.913,0.6,2.6,3.2,2.6,0.8,0.3,1.6,2.3,16.3
44,Al Horford,2010,0,C,23,ATL,81,81,35.1,5.8,10.5,0.551,0,0,1,5.8,10.4,0.551,0.552,2.6,3.3,0.789,2.9,7,9.9,2.3,0.7,1.1,1.5,2.8,14.2
45,Andrea Bargnani,2010,0,PF,24,TOR,80,80,35,6.7,14.3,0.47,1.5,4.1,0.372,5.2,10.2,0.509,0.523,2.3,2.9,0.774,1.3,4.9,6.2,1.2,0.3,1.4,1.5,2.7,17.2
46,John Salmons,2010,0,SG,30,TOT,81,56,34.9,5.4,12.2,0.441,1.5,3.8,0.382,3.9,8.4,0.468,0.501,3.1,3.8,0.83,0.4,2.9,3.3,2.8,1.2,0.3,1.5,2,15.4
47,Devin Harris,2010,0,PG,26,NJN,64,61,34.7,5.6,13.8,0.403,0.9,3.4,0.276,4.6,10.4,0.444,0.437,4.8,6,0.798,0.4,2.8,3.2,6.6,1.2,0.3,2.8,2.8,16.9
48,Dwight Howard,2010,1,C,24,ORL,82,82,34.7,6.2,10.2,0.612,0,0.1,0,6.2,10.1,0.617,0.612,5.9,10,0.592,3.5,9.7,13.2,1.8,0.9,2.8,3.3,3.5,18.3
49,Amar'e Stoudemire,2010,1,PF,27,PHO,82,82,34.6,8.6,15.4,0.557,0,0.1,0.167,8.6,15.3,0.559,0.557,5.9,7.7,0.771,2.8,6.1,8.9,1,0.6,1,2.6,3.4,23.1
50,Carlos Boozer,2010,0,PF,28,UTA,78,78,34.3,7.9,14.1,0.562,0,0,,7.9,14.1,0.562,0.562,3.7,4.9,0.742,2.3,8.9,11.2,3.2,1.1,0.5,2.7,3.5,19.5
51,Chris Kaman,2010,0,C,27,LAC,76,76,34.3,7.8,15.8,0.49,0,0.1,0,7.8,15.7,0.492,0.49,3,4,0.749,2.4,6.8,9.3,1.6,0.5,1.2,2.9,2.8,18.5
52,Russell Westbrook,2010,0,PG,21,OKC,82,82,34.3,5.9,14.1,0.418,0.3,1.3,0.221,5.6,12.9,0.438,0.428,4,5.1,0.78,1.7,3.1,4.9,8,1.3,0.4,3.3,2.5,16.1
53,Kenyon Martin,2010,0,PF,32,DEN,58,58,34.2,4.9,10.7,0.456,0.1,0.5,0.276,4.7,10.2,0.465,0.463,1.6,2.9,0.557,2.4,7,9.4,1.9,1.2,1.1,1.6,3.2,11.5
54,Rodney Stuckey,2010,0,PG,23,DET,73,67,34.2,6.2,15.2,0.405,0.2,1.1,0.228,5.9,14.1,0.418,0.413,4.1,4.9,0.833,0.9,2.9,3.8,4.8,1.4,0.2,2.2,2.8,16.6
55,Mo Williams,2010,0,PG,27,CLE,69,68,34.2,5.5,12.4,0.442,2.3,5.4,0.429,3.2,7,0.452,0.535,2.6,2.9,0.894,0.4,2.6,3,5.3,1,0.3,2.5,2.5,15.8
56,Chauncey Billups,2010,0,PG,33,DEN,73,73,34.1,5.5,13.2,0.418,2.2,5.6,0.386,3.4,7.6,0.441,0.499,6.4,7,0.91,0.3,2.8,3.1,5.6,1.1,0.1,2.4,2.1,19.5
57,Paul Pierce,2010,0,SF,32,BOS,71,71,34,5.8,12.2,0.472,1.5,3.7,0.414,4.2,8.5,0.497,0.535,5.2,6.1,0.852,0.5,3.8,4.4,3.1,1.2,0.4,2.3,2.8,18.3
58,Tayshaun Prince,2010,0,SF,29,DET,49,49,34,5.8,11.8,0.486,0.6,1.5,0.37,5.2,10.3,0.503,0.509,1.4,2,0.714,1.4,3.6,5.1,3.3,0.7,0.4,1.2,1.6,13.5
59,Danilo Gallinari,2010,0,SF,21,NYK,81,74,33.9,4.8,11.4,0.423,2.3,6,0.381,2.5,5.4,0.469,0.523,3.1,3.8,0.818,0.8,4.1,4.9,1.7,0.9,0.7,1.4,2.4,15.1
60,Metta World Peace,2010,0,SF,30,LAL,77,77,33.8,4,9.6,0.414,1.4,3.8,0.355,2.6,5.8,0.453,0.484,1.7,2.4,0.688,1.3,3,4.3,3,1.4,0.3,1.6,2.1,11
61,Richard Hamilton,2010,0,SG,31,DET,46,46,33.7,6.4,15.6,0.409,0.9,3,0.297,5.5,12.6,0.435,0.437,4.4,5.2,0.846,0.7,2,2.7,4.4,0.7,0.1,2.5,2.5,18.1
62,Baron Davis,2010,0,PG,30,LAC,75,73,33.6,5.5,13.5,0.406,1.1,3.9,0.277,4.4,9.6,0.459,0.446,3.2,3.9,0.821,0.7,2.9,3.5,8,1.7,0.6,2.8,2.8,15.3
63,Nene Hilario,2010,0,C,27,DEN,82,82,33.6,5.1,8.7,0.587,0,0,0,5.1,8.7,0.589,0.587,3.6,5.1,0.704,2,5.6,7.6,2.5,1.4,1,1.5,3.4,13.8
64,Kirk Hinrich,2010,0,SG,29,CHI,74,53,33.5,4.2,10.2,0.409,1.4,3.8,0.371,2.8,6.4,0.431,0.478,1.1,1.5,0.752,0.3,3.2,3.5,4.5,1.1,0.3,1.5,2.8,10.9
65,Courtney Lee,2010,0,SG,24,NJN,71,66,33.5,4.8,10.9,0.436,1.1,3.2,0.338,3.7,7.7,0.476,0.485,1.9,2.2,0.869,0.8,2.7,3.5,1.7,1.3,0.3,1.1,1.8,12.5
66,Mike Miller,2010,0,SG,29,WAS,54,50,33.4,4,8,0.501,1.5,3.2,0.48,2.5,4.9,0.515,0.596,1.3,1.6,0.824,1,5.2,6.2,3.9,0.7,0.2,2.1,2.4,10.9
67,Earl Barron,2010,0,C,28,NYK,7,6,33.1,4.3,9.7,0.441,0,0,,4.3,9.7,0.441,0.441,3.1,4.1,0.759,4.4,6.6,11,1.1,0.6,0.6,1.6,3.4,11.7
68,Rasual Butler,2010,0,SF,30,LAC,82,64,33,4.3,10.6,0.409,1.8,5.3,0.336,2.6,5.3,0.482,0.493,1.5,1.8,0.841,0.5,2.5,2.9,1.4,0.4,0.8,1,1.5,11.9
69,Raymond Felton,2010,0,PG,25,CHA,80,80,33,4.9,10.6,0.459,0.8,2,0.385,4.1,8.6,0.475,0.494,1.7,2.2,0.763,0.7,2.9,3.6,5.6,1.5,0.3,2.1,2.2,12.1
70,Jason Terry,2010,0,SG,32,DAL,77,12,33,5.9,13.5,0.438,1.8,4.8,0.365,4.2,8.7,0.479,0.503,3,3.5,0.866,0.2,1.6,1.8,3.8,1.2,0.2,1.4,1.8,16.6
71,Rashard Lewis,2010,0,PF,30,ORL,72,72,32.9,4.9,11.2,0.435,2.3,5.9,0.397,2.5,5.3,0.476,0.539,2,2.5,0.806,0.9,3.6,4.4,1.5,1.1,0.4,1.5,2.5,14.1
72,Steve Nash,2010,1,PG,35,PHO,81,81,32.8,6.2,12.2,0.507,1.5,3.6,0.426,4.6,8.6,0.54,0.57,2.6,2.8,0.938,0.4,2.9,3.3,11,0.5,0.1,3.6,1.3,16.5
73,Brandon Jennings,2010,0,PG,20,MIL,82,82,32.6,5.5,14.8,0.371,1.8,4.7,0.374,3.7,10.1,0.37,0.431,2.7,3.3,0.817,0.6,2.8,3.4,5.7,1.3,0.2,2.4,2.3,15.5
74,Troy Murphy,2010,0,PF,29,IND,72,69,32.6,5.3,11.3,0.472,1.8,4.6,0.384,3.6,6.7,0.533,0.551,2.1,2.7,0.798,1.8,8.4,10.2,2.1,1,0.5,1.4,2.4,14.6
75,Luis Scola,2010,0,PF,29,HOU,82,82,32.6,6.8,13.3,0.514,0,0.1,0.2,6.8,13.2,0.515,0.514,2.5,3.3,0.779,2.1,6.5,8.6,2.1,0.8,0.3,2,3,16.2
76,Reggie Williams,2010,0,SF,23,GSW,24,10,32.6,5.8,11.8,0.495,1.4,3.8,0.359,4.5,8,0.56,0.553,2.2,2.6,0.839,0.8,3.8,4.6,2.8,1,0.3,1.2,2,15.2
77,Shane Battier,2010,0,SG,31,HOU,67,62,32.4,2.7,6.7,0.398,1.5,4.2,0.362,1.1,2.5,0.458,0.511,1.1,1.6,0.726,1.1,3.6,4.7,2.4,0.8,1.1,1,2.1,8
78,Al Jefferson,2010,0,C,25,MIN,76,76,32.4,7.4,14.8,0.498,0,0.1,0,7.4,14.8,0.5,0.498,2.4,3.5,0.68,2.4,6.9,9.3,1.8,0.8,1.3,1.8,2.7,17.1
79,Andrew Bogut,2010,1,C,25,MIL,69,69,32.3,6.9,13.2,0.52,0,0,0,6.9,13.2,0.521,0.52,2.2,3.4,0.629,3,7.1,10.2,1.8,0.6,2.5,1.9,3.2,15.9
80,Mike Conley,2010,0,PG,22,MEM,80,80,32.1,4.6,10.4,0.445,1,2.7,0.387,3.6,7.7,0.464,0.494,1.7,2.3,0.743,0.4,2,2.4,5.3,1.4,0.2,2.1,2.2,12
81,Thaddeus Young,2010,0,PF,21,PHI,67,45,32,5.7,12.1,0.47,0.7,2.1,0.348,5,10.1,0.495,0.499,1.7,2.5,0.691,1.9,3.3,5.2,1.4,1.2,0.2,1.9,2,13.8
82,Yi Jianlian,2010,0,PF,22,NJN,52,51,31.8,4.4,10.8,0.403,0.3,0.8,0.366,4.1,10,0.406,0.417,3,3.7,0.798,2.2,4.9,7.2,0.9,0.7,1,1.5,3.3,12
83,Shawn Marion,2010,0,SF,31,DAL,75,75,31.8,5.3,10.4,0.508,0,0.3,0.158,5.2,10.1,0.516,0.51,1.4,1.9,0.755,2.1,4.3,6.4,1.4,0.9,0.8,1.3,1.9,12
84,Lamar Odom,2010,0,PF,30,LAL,82,38,31.5,4.2,9,0.463,0.7,2.2,0.319,3.5,6.8,0.51,0.502,1.7,2.5,0.693,2.2,7.5,9.8,3.3,0.9,0.7,1.8,2.8,10.8
85,Jason Richardson,2010,0,SG,29,PHO,79,76,31.5,6,12.6,0.474,2,5.1,0.393,4,7.6,0.528,0.553,1.7,2.3,0.739,1,4.1,5.1,1.8,0.8,0.4,1.2,2.1,15.7
86,Peja Stojakovic,2010,0,SF,32,NOH,62,55,31.4,4.5,11.1,0.404,2.1,5.7,0.375,2.4,5.4,0.435,0.5,1.5,1.7,0.897,0.6,3,3.7,1.5,0.8,0.1,0.9,1.3,12.6
87,Jason Thompson,2010,0,C,23,SAC,75,58,31.4,4.9,10.5,0.472,0,0.1,0.1,4.9,10.3,0.477,0.473,2.6,3.7,0.715,3,5.5,8.5,1.7,0.5,1,1.9,3.7,12.5
88,Beno Udrih,2010,0,PG,27,SAC,79,41,31.4,5.3,10.6,0.493,0.9,2.5,0.377,4.3,8.1,0.53,0.538,1.5,1.8,0.837,0.5,2.3,2.8,4.7,1.1,0.1,1.7,2.1,12.9
89,Marcus Camby,2010,0,C,35,TOT,74,74,31.3,3.2,6.8,0.475,0,0.1,0.286,3.2,6.7,0.478,0.477,1.1,1.6,0.639,3.4,8.4,11.8,2.5,1.3,2,1.2,2.2,7.5
90,Tim Duncan,2010,1,C,33,SAS,78,77,31.3,7.2,13.9,0.518,0,0.1,0.182,7.2,13.7,0.522,0.519,3.5,4.8,0.725,2.8,7.3,10.1,3.2,0.6,1.5,1.8,1.9,17.9
91,Jamal Crawford,2010,0,SG,29,ATL,79,0,31.1,6.3,14,0.449,2.1,5.4,0.382,4.2,8.6,0.491,0.523,3.4,4,0.857,0.4,2.1,2.5,3,0.8,0.2,1.7,1.7,18
92,Richard Jefferson,2010,0,SF,29,SAS,81,70,31.1,4.5,9.6,0.467,0.7,2.3,0.316,3.7,7.3,0.515,0.505,2.6,3.5,0.735,0.7,3.7,4.4,2,0.6,0.5,1.3,2.2,12.3
93,Anthony Tolliver,2010,0,PF,24,TOT,46,29,31,4.2,9.8,0.43,1.1,3.3,0.329,3.1,6.5,0.481,0.486,2.2,2.9,0.769,1.8,5.1,7,1.9,0.7,0.7,1,2.8,11.7
94,Chris Duhon,2010,0,PG,27,NYK,67,59,30.9,2.5,6.7,0.373,1.3,3.9,0.349,1.2,2.9,0.404,0.472,1,1.4,0.716,0.4,2.2,2.7,5.6,0.9,0,1.6,1.2,7.4
95,Allen Iverson,2010,0,SG,34,TOT,28,24,30.9,4.9,11.3,0.43,0.3,0.9,0.36,4.5,10.4,0.436,0.445,3.7,4.7,0.794,0.6,2.3,2.8,4,0.7,0.1,2.3,1.7,13.8
96,Carl Landry,2010,0,PF,26,TOT,80,29,30.9,6.2,11.6,0.536,0,0,0.333,6.2,11.6,0.537,0.537,4.3,5.3,0.806,2.4,3.5,5.9,0.8,0.7,0.8,1.7,2.9,16.8
97,Tony Parker,2010,0,PG,27,SAS,56,50,30.9,6.2,12.8,0.487,0.2,0.6,0.294,6.1,12.2,0.497,0.494,3.3,4.4,0.756,0.1,2.3,2.4,5.7,0.5,0.1,2.7,1.7,16
98,Vince Carter,2010,0,SG,33,ORL,75,74,30.8,5.8,13.5,0.428,1.6,4.3,0.367,4.2,9.2,0.456,0.486,3.4,4.1,0.84,0.4,3.5,3.9,3.1,0.7,0.2,1.4,2.5,16.6
99,Hedo Turkoglu,2010,0,SF,30,TOR,74,69,30.7,3.7,9.1,0.409,1.5,3.9,0.374,2.3,5.2,0.436,0.49,2.4,3.1,0.774,0.6,4.1,4.6,4.1,0.7,0.4,1.7,3,11.3
100,Brendan Haywood,2010,0,C,30,TOT,77,67,30.6,3.6,6.4,0.562,0,0,0,3.6,6.4,0.563,0.562,2,3.2,0.62,3.6,5.7,9.3,0.6,0.3,2.1,1.3,2.7,9.1
101,Al Harrington,2010,0,PF,29,NYK,72,15,30.5,6.2,14.3,0.435,1.9,5.7,0.342,4.3,8.6,0.496,0.503,3.3,4.4,0.757,1.2,4.4,5.6,1.5,0.9,0.4,1.8,2.9,17.7
102,Andre Miller,2010,0,PG,33,POR,82,66,30.5,4.9,11.1,0.445,0.2,1,0.2,4.7,10.1,0.469,0.454,3.9,4.8,0.821,1,2.3,3.2,5.4,1.1,0.1,2.1,2.1,14
103,Marvin Williams,2010,0,SF,23,ATL,81,81,30.5,3.7,8.2,0.455,0.5,1.6,0.303,3.2,6.6,0.492,0.485,2.2,2.7,0.819,1.3,3.8,5.1,1.1,0.8,0.6,0.9,2,10.1
104,Andrew Bynum,2010,0,C,22,LAL,65,65,30.4,6,10.6,0.57,0,0,0,6,10.6,0.571,0.57,3,4,0.739,2.7,5.6,8.3,1,0.5,1.4,1.8,3,15
105,Carlos Delfino,2010,0,SF,27,MIL,75,66,30.4,4,9.8,0.408,1.8,4.9,0.367,2.2,4.9,0.45,0.5,1.2,1.6,0.782,0.7,4.6,5.3,2.7,1.1,0.3,1.6,1.8,11
106,Brandon Rush,2010,0,SG,24,IND,82,64,30.4,3.6,8.6,0.423,1.5,3.7,0.411,2.1,4.9,0.433,0.511,0.7,1.1,0.629,0.5,3.7,4.2,1.4,0.7,0.8,1.1,1.9,9.4
107,Corey Brewer,2010,0,SG,23,MIN,82,82,30.3,5,11.6,0.431,1,2.9,0.346,4,8.7,0.459,0.474,2,3.1,0.648,0.9,2.5,3.4,2.4,1.4,0.4,2,2.7,13
108,Elton Brand,2010,0,PF,30,PHI,76,57,30.2,5.4,11.3,0.48,0,0,0,5.4,11.3,0.481,0.48,2.3,3.1,0.738,2.4,3.7,6.1,1.4,1.1,1.1,1.7,3.1,13.1
109,Joakim Noah,2010,0,C,24,CHI,64,54,30.1,4.1,8.1,0.504,0,0,,4.1,8.1,0.504,0.504,2.5,3.4,0.744,3.4,7.6,11,2.1,0.5,1.6,1.8,3.1,10.7
110,Raja Bell,2010,0,SG,33,TOT,6,5,30,4.7,10.2,0.459,2,4.5,0.444,2.7,5.7,0.471,0.557,0.5,0.5,1,0.8,3,3.8,2.2,0.7,0.3,0.8,2.5,11.8
111,Ronnie Brewer,2010,0,SG,24,TOT,58,53,30,3.6,7.4,0.487,0.1,0.5,0.258,3.5,6.9,0.505,0.497,1.5,2.3,0.639,0.8,2.4,3.2,2.7,1.6,0.3,0.9,1.4,8.8
112,Grant Hill*,2010,0,SF,37,PHO,81,81,30,4.1,8.7,0.478,0.4,1,0.438,3.7,7.7,0.483,0.503,2.5,3.1,0.817,0.9,4.6,5.5,2.4,0.7,0.4,1.3,2,11.3
113,Kevin Garnett,2010,0,PF,33,BOS,69,69,29.9,5.8,11.2,0.521,0,0.1,0.2,5.8,11.1,0.523,0.521,2.7,3.2,0.837,1.1,6.2,7.3,2.7,1,0.8,1.5,2.5,14.3
114,Lou Williams,2010,0,PG,23,PHI,64,38,29.9,5,10.6,0.47,1.1,3.2,0.34,3.9,7.4,0.527,0.521,3,3.6,0.824,0.4,2.5,2.9,4.2,1.3,0.2,1.7,1.7,14
115,Michael Beasley,2010,0,PF,21,MIA,78,78,29.8,6,13.3,0.45,0.4,1.3,0.275,5.6,12,0.469,0.463,2.5,3.1,0.8,1.6,4.8,6.4,1.3,1,0.6,1.7,2.8,14.8
116,Corey Maggette,2010,0,PF,30,GSW,70,49,29.7,6.5,12.7,0.516,0.2,0.7,0.26,6.3,11.9,0.531,0.523,6.6,7.9,0.835,1.3,4,5.3,2.5,0.7,0.1,2.4,3.3,19.8
117,Mehmet Okur,2010,0,C,30,UTA,73,73,29.4,4.9,10.6,0.458,1.1,2.9,0.385,3.7,7.7,0.486,0.511,2.7,3.3,0.82,1.8,5.2,7.1,1.6,0.5,1.1,1.7,3.1,13.5
118,Earl Watson,2010,0,PG,30,IND,79,52,29.4,2.8,6.6,0.426,0.7,2.3,0.288,2.2,4.3,0.5,0.476,1.5,2.1,0.71,0.7,2.4,3,5.1,1.3,0.2,2.2,2.3,7.8
119,George Hill,2010,0,PG,23,SAS,78,43,29.2,4.5,9.5,0.478,1,2.4,0.399,3.6,7.1,0.505,0.529,2.3,3,0.772,0.5,2.1,2.6,2.9,0.9,0.3,1.3,2.8,12.4
120,Anthony Morrow,2010,0,SG,24,GSW,69,37,29.2,4.8,10.2,0.468,2,4.4,0.456,2.7,5.7,0.477,0.568,1.5,1.7,0.886,0.9,2.9,3.8,1.5,0.9,0.2,1.2,2.3,13
121,Ryan Gomes,2010,0,SF,27,MIN,76,64,29.1,4.3,9.6,0.447,1,2.6,0.372,3.3,7,0.475,0.497,1.4,1.7,0.825,1,3.6,4.6,1.6,0.8,0.2,1.3,2,10.9
122,Andrei Kirilenko,2010,0,SF,28,UTA,58,35,29,4.2,8.3,0.506,0.4,1.5,0.292,3.8,6.8,0.555,0.533,3,4,0.744,1.3,3.2,4.6,2.7,1.4,1.2,1.4,1.8,11.9
123,Jonny Flynn,2010,0,PG,20,MIN,81,81,28.9,4.9,11.8,0.417,1,2.7,0.358,4,9.1,0.434,0.457,2.8,3.3,0.826,0.3,2.1,2.4,4.4,1,0,2.9,1.2,13.5
124,Emeka Okafor,2010,0,C,27,NOH,82,82,28.9,4.2,8,0.53,0,0,,4.2,8,0.53,0.53,1.9,3.3,0.562,3.1,6,9,0.7,0.7,1.5,1.4,2.7,10.4
125,Manu Ginobili,2010,0,SG,32,SAS,75,21,28.7,5.3,12,0.441,1.8,4.7,0.377,3.5,7.4,0.481,0.514,4.1,4.7,0.87,0.9,2.9,3.8,4.9,1.4,0.3,2.1,2.1,16.5
126,Kevin Love,2010,0,PF,21,MIN,60,22,28.6,4.9,10.8,0.45,0.6,1.8,0.33,4.3,9,0.474,0.478,3.8,4.6,0.815,3.8,7.2,11,2.3,0.7,0.4,2,2.3,14
127,Jameer Nelson,2010,0,PG,27,ORL,65,64,28.6,4.9,10.9,0.449,1.3,3.5,0.381,3.6,7.4,0.481,0.51,1.5,1.8,0.845,0.4,2.6,3,5.4,0.7,0,2.1,2.3,12.6
128,Thabo Sefolosha,2010,0,SG,25,OKC,82,82,28.6,2.4,5.4,0.44,0.5,1.6,0.313,1.9,3.8,0.494,0.486,0.7,1.1,0.674,0.9,3.8,4.7,1.8,1.2,0.6,1.1,1.9,6
129,Ben Wallace,2010,0,C,35,DET,69,67,28.6,2.3,4.2,0.541,0,0,0,2.3,4.2,0.545,0.541,0.9,2.3,0.406,3.6,5.1,8.7,1.5,1.2,1.2,0.9,1.9,5.5
130,Anderson Varejao,2010,0,PF,27,CLE,76,7,28.5,3.5,6.1,0.572,0,0.1,0.2,3.5,6.1,0.576,0.573,1.5,2.3,0.663,2.5,5.1,7.6,1.1,0.9,0.9,0.9,2.9,8.6
131,Jermaine O'Neal,2010,0,C,31,MIA,70,70,28.4,5.6,10.6,0.529,0,0,0,5.6,10.6,0.53,0.529,2.3,3.2,0.72,1.8,5.2,6.9,1.3,0.4,1.4,1.8,3,13.6
132,Anthony Parker,2010,0,SG,34,CLE,81,81,28.3,2.5,5.9,0.434,1.3,3.2,0.414,1.2,2.6,0.458,0.547,0.9,1.2,0.789,0.4,2.5,2.9,1.9,0.8,0.2,0.9,1.9,7.3
133,Andray Blatche,2010,0,PF,23,WAS,81,36,27.9,5.9,12.3,0.478,0.2,0.5,0.295,5.7,11.8,0.487,0.485,2.1,2.9,0.744,2,4.3,6.3,2.1,1,0.9,2.2,2.7,14.1
134,Ben Gordon,2010,0,SG,26,DET,62,17,27.9,4.7,11.3,0.416,1.2,3.8,0.321,3.5,7.5,0.465,0.47,3.2,3.7,0.861,0.4,1.5,1.9,2.7,0.8,0.1,1.9,2.4,13.8
135,Udonis Haslem,2010,0,PF,29,MIA,78,0,27.9,4,8.1,0.494,0,0,,4,8.1,0.494,0.494,1.9,2.5,0.762,2.1,5.9,8.1,0.7,0.4,0.3,1,2.2,9.9
136,Jonas Jerebko,2010,0,PF,22,DET,80,73,27.9,3.6,7.5,0.481,0.5,1.4,0.313,3.2,6.1,0.52,0.511,1.6,2.2,0.71,2.4,3.6,6,0.7,1,0.4,1,2.9,9.3
137,Darren Collison,2010,0,PG,22,NOH,76,37,27.8,4.9,10.4,0.477,0.6,1.5,0.4,4.3,8.9,0.49,0.506,1.9,2.3,0.851,0.5,2,2.5,5.7,1,0.1,2.7,1.2,12.4
138,Paul Millsap,2010,0,PF,24,UTA,82,8,27.8,4.7,8.7,0.538,0,0.1,0.111,4.7,8.6,0.543,0.538,2.2,3.2,0.693,2.3,4.5,6.8,1.6,0.8,1.2,1.4,3.5,11.6
139,J.R. Smith,2010,0,SG,24,DEN,75,0,27.8,5.7,13.8,0.414,2.1,6.2,0.338,3.6,7.5,0.477,0.491,1.9,2.7,0.706,0.4,2.7,3.1,2.4,1.3,0.3,1.9,2.3,15.4
140,Al Thornton,2010,0,SF,26,TOT,75,46,27.7,4.3,9,0.473,0.1,0.4,0.355,4.1,8.6,0.479,0.482,2,2.8,0.725,1.5,2.4,3.9,1.2,0.6,0.5,1.4,2.7,10.7
141,Kendrick Perkins,2010,0,C,25,BOS,78,78,27.6,4,6.7,0.602,0,0,0,4,6.7,0.605,0.602,2.1,3.6,0.582,2,5.6,7.6,1,0.3,1.7,2.1,2.8,10.1
142,C.J. Watson,2010,0,PG,25,GSW,65,15,27.5,3.8,8.1,0.468,0.7,2.2,0.31,3.1,5.9,0.527,0.51,2,2.6,0.771,0.4,2.2,2.6,2.8,1.6,0.1,1.1,1.9,10.3
143,Mike Bibby,2010,0,PG,31,ATL,80,80,27.4,3.4,8.1,0.416,1.6,4.1,0.389,1.8,4,0.444,0.514,0.9,1,0.861,0.3,2.1,2.3,3.9,0.8,0,1.1,2,9.1
144,Jarrett Jack,2010,0,PG,26,TOR,82,43,27.4,3.9,8.2,0.481,1,2.4,0.412,2.9,5.8,0.511,0.542,2.5,2.9,0.842,0.4,2.3,2.7,5,0.7,0.1,2,1.8,11.4
145,Quentin Richardson,2010,0,SF,29,MIA,76,75,27.4,3.2,7.4,0.431,1.9,4.7,0.397,1.3,2.7,0.493,0.558,0.7,0.9,0.732,0.8,4.1,4.9,1.2,0.9,0.2,0.8,2.2,8.9
146,Rafer Alston,2010,0,PG,33,TOT,52,38,27.3,3,8.6,0.348,1.1,3.2,0.345,1.9,5.3,0.349,0.413,1.1,1.6,0.728,0.3,2.2,2.5,3.4,1,0.2,1.8,2,8.2
147,Michael Redd,2010,0,SG,30,MIL,18,12,27.3,4.2,11.8,0.352,1,3.3,0.3,3.2,8.5,0.373,0.394,2.6,3.7,0.712,0.6,2.4,3,2.2,1.1,0.1,0.8,1.3,11.9
148,Derek Fisher,2010,0,PG,35,LAL,82,82,27.2,2.6,6.8,0.38,1,2.7,0.348,1.6,4.1,0.401,0.45,1.4,1.6,0.856,0.3,1.8,2.1,2.5,1.1,0.1,1,2.5,7.5
149,Arron Afflalo,2010,0,SG,24,DEN,82,75,27.1,3.3,7.1,0.465,1.3,3,0.434,2,4.1,0.488,0.557,0.9,1.2,0.735,0.7,2.4,3.1,1.7,0.6,0.4,0.9,2.7,8.8
150,Steve Blake,2010,0,PG,29,TOT,80,38,27,2.7,6.5,0.416,1.5,3.7,0.395,1.3,2.9,0.443,0.527,0.5,0.6,0.75,0.3,2.1,2.3,4.8,0.7,0.1,1.6,1.5,7.3
151,Channing Frye,2010,0,C,26,PHO,81,41,27,3.9,8.7,0.451,2.1,4.8,0.439,1.8,3.8,0.466,0.573,1.2,1.5,0.81,0.8,4.5,5.3,1.4,0.8,0.9,0.9,3.2,11.2
152,Taj Gibson,2010,0,PF,24,CHI,82,70,26.9,3.8,7.7,0.494,0,0,,3.8,7.7,0.494,0.494,1.4,2.1,0.646,2.8,4.7,7.5,0.9,0.6,1.3,1.4,3.4,9
153,Jose Calderon,2010,0,PG,28,TOR,68,39,26.7,4,8.4,0.482,1,2.5,0.398,3,5.8,0.519,0.542,1.2,1.5,0.798,0.3,1.8,2.1,5.9,0.7,0.1,1.5,2,10.3
154,Will Bynum,2010,0,PG,27,DET,63,20,26.5,3.8,8.5,0.444,0.2,0.9,0.218,3.6,7.6,0.47,0.455,2.3,2.8,0.798,0.4,1.9,2.3,4.5,0.9,0.1,1.8,2.3,10
155,Spencer Hawes,2010,0,C,21,SAC,72,59,26.4,4.3,9.3,0.468,0.4,1.2,0.299,4,8,0.494,0.488,1,1.5,0.689,2,4,6.1,2.2,0.4,1.2,1.8,2.8,10
156,Josh Howard,2010,0,SF,29,TOT,35,12,26.2,4.5,11.1,0.405,0.7,2.5,0.267,3.8,8.6,0.444,0.434,3.1,4,0.784,0.9,2.7,3.6,1.4,0.7,0.3,1.3,2.6,12.7
157,Matt Barnes,2010,0,SF,29,ORL,81,58,25.9,3.3,6.9,0.487,0.8,2.6,0.319,2.5,4.3,0.586,0.546,1.3,1.8,0.74,1.3,4.2,5.5,1.7,0.7,0.4,1.4,2.3,8.8
158,Samuel Dalembert,2010,0,C,28,PHI,82,80,25.9,3.5,6.4,0.545,0,0,,3.5,6.4,0.545,0.545,1.2,1.6,0.729,2.9,6.6,9.6,0.8,0.5,1.8,1.5,3.1,8.1
159,Chris Douglas-Roberts,2010,0,SF,23,NJN,67,38,25.8,3.8,8.6,0.445,0.2,0.8,0.259,3.6,7.7,0.464,0.457,2,2.3,0.847,0.7,2.3,3,1.4,0.8,0.3,1.4,1.5,9.8
160,Kelenna Azubuike,2010,0,SF,26,GSW,9,7,25.7,5.3,9.8,0.545,1.1,3,0.37,4.2,6.8,0.623,0.602,2.1,3.1,0.679,1.3,3.2,4.6,1.1,0.6,1,0.8,1.8,13.9
161,Jared Jeffries,2010,0,PF,28,TOT,70,37,25.6,2,4.5,0.439,0.3,1,0.296,1.7,3.5,0.481,0.473,1.1,1.7,0.625,1.9,2.3,4.1,1.4,0.9,1,1.1,2.9,5.3
162,Luc Mbah a Moute,2010,0,PF,23,MIL,73,62,25.6,2.4,5.1,0.48,0.1,0.2,0.353,2.3,4.8,0.486,0.488,1.3,1.8,0.699,2.3,3.1,5.5,1.1,0.8,0.5,1,2.5,6.2
163,Marcus Thornton,2010,0,SG,22,NOH,73,17,25.6,5.5,12.1,0.451,1.6,4.3,0.374,3.8,7.8,0.493,0.517,2,2.4,0.814,1,1.9,2.9,1.6,0.8,0.2,1,1.7,14.5
164,T.J. Ford,2010,0,PG,26,IND,47,32,25.3,4,8.9,0.445,0.2,1.1,0.16,3.8,7.8,0.484,0.455,2.2,2.9,0.77,0.9,2.3,3.2,3.8,0.9,0.2,1.9,2.2,10.3
165,Omri Casspi,2010,0,SF,21,SAC,77,31,25.1,3.9,8.7,0.446,1,2.6,0.369,2.9,6.1,0.48,0.502,1.5,2.3,0.672,1,3.6,4.5,1.2,0.7,0.2,1.3,1.6,10.3
166,Drew Gooden,2010,0,PF,28,TOT,70,33,25.1,4.1,8.6,0.478,0,0.1,0.125,4.1,8.5,0.483,0.479,2.7,3.1,0.861,3,4.8,7.7,0.7,0.6,0.8,1.5,2.8,10.9
167,Roy Hibbert,2010,0,C,23,IND,81,69,25.1,4.8,9.7,0.495,0,0.1,0.5,4.7,9.6,0.495,0.497,2.1,2.8,0.754,2.2,3.5,5.7,2,0.4,1.6,1.8,3.5,11.7
168,Delonte West,2010,0,SG,26,CLE,60,3,25,3.2,7.3,0.445,0.4,1.3,0.325,2.8,6,0.471,0.474,1.9,2.4,0.81,0.5,2.3,2.8,3.3,0.9,0.5,1.5,1.4,8.8
169,Dahntay Jones,2010,0,SF,29,IND,76,26,24.9,3.8,8.2,0.461,0.1,0.4,0.125,3.7,7.8,0.479,0.464,2.6,3.4,0.77,0.6,2.4,3,2,0.5,0.5,1.7,3.1,10.2
170,Nicolas Batum,2010,0,SF,21,POR,37,25,24.8,3.8,7.2,0.519,1.5,3.6,0.409,2.3,3.7,0.625,0.619,1.2,1.4,0.843,0.9,2.9,3.8,1.2,0.6,0.7,0.7,2.2,10.1
171,Mario Chalmers,2010,0,PG,23,MIA,73,22,24.8,2.5,6.2,0.401,1,3.2,0.318,1.5,3,0.491,0.483,1.1,1.5,0.745,0.3,1.5,1.8,3.4,1.2,0.2,1.7,2.4,7.1
172,Larry Hughes,2010,0,SG,31,TOT,45,16,24.8,3,8.6,0.355,1,3.1,0.309,2.1,5.5,0.381,0.411,2.1,2.5,0.832,0.5,2.6,3.2,3,1.2,0.3,1.7,1.6,9.1
173,Wesley Matthews,2010,0,SG,23,UTA,82,48,24.7,3.3,6.9,0.483,0.8,2,0.382,2.6,4.9,0.525,0.539,2,2.4,0.829,0.6,1.7,2.3,1.5,0.8,0.2,1.1,1.9,9.4
174,Martell Webster,2010,0,SF,23,POR,82,49,24.5,3.2,7.8,0.405,1.5,4,0.373,1.6,3.7,0.44,0.502,1.5,1.9,0.813,0.6,2.7,3.3,0.8,0.5,0.5,0.7,1.9,9.4
175,Jared Dudley,2010,0,SF,24,PHO,82,1,24.3,2.7,6,0.459,1.5,3.2,0.458,1.3,2.8,0.461,0.582,1.3,1.7,0.754,1.2,2.2,3.4,1.4,1,0.2,0.8,2,8.2
176,Kyle Lowry,2010,0,PG,23,HOU,68,0,24.3,2.7,6.8,0.397,0.5,2,0.272,2.2,4.8,0.448,0.436,3.2,3.8,0.827,1.3,2.3,3.6,4.5,0.9,0.1,1.7,2.5,9.1
177,Jrue Holiday,2010,0,PG,19,PHI,73,51,24.2,3.2,7.1,0.442,0.8,2.2,0.39,2.3,4.9,0.465,0.502,0.9,1.2,0.756,0.8,1.8,2.6,3.8,1.1,0.2,2.1,2.1,8
178,Greg Oden,2010,0,C,22,POR,21,21,23.9,4.4,7.2,0.605,0,0,,4.4,7.2,0.605,0.605,2.3,3,0.766,3,5.4,8.5,0.9,0.4,2.3,1.9,4,11.1
179,Randy Foye,2010,0,PG,26,WAS,70,38,23.8,3.7,8.8,0.414,0.9,2.6,0.346,2.8,6.2,0.442,0.464,1.8,2.1,0.89,0.2,1.6,1.9,3.3,0.5,0.1,1.3,1.8,10.1
180,C.J. Miles,2010,0,SF,22,UTA,63,28,23.8,3.8,8.9,0.429,1.2,3.4,0.341,2.7,5.5,0.484,0.495,1,1.5,0.695,0.7,2,2.7,1.7,0.9,0.3,1.3,3,9.9
181,Brad Miller,2010,0,C,33,CHI,82,37,23.8,3,7.1,0.43,0.5,1.6,0.28,2.6,5.5,0.474,0.462,2.2,2.7,0.827,1,3.9,4.9,1.9,0.5,0.4,1.3,2.3,8.8
182,Charlie Villanueva,2010,0,PF,25,DET,78,16,23.7,4.7,10.6,0.439,1.3,3.6,0.351,3.4,7,0.484,0.499,1.4,1.7,0.815,1.1,3.6,4.7,0.7,0.6,0.7,0.9,2.9,11.9
183,Ersan Ilyasova,2010,0,PF,22,MIL,81,31,23.4,4,9,0.443,1,3,0.336,3,6,0.496,0.499,1.4,2,0.715,1.9,4.4,6.4,1,0.7,0.3,0.9,3.1,10.4
184,Shaquille O'Neal,2010,0,C,37,CLE,53,53,23.4,4.9,8.7,0.566,0,0,0,4.9,8.7,0.567,0.566,2.1,4.3,0.496,1.8,4.9,6.7,1.5,0.3,1.2,2,3.2,12
185,Erick Dampier,2010,0,C,34,DAL,55,47,23.3,2.4,3.9,0.624,0,0.1,0.333,2.4,3.8,0.629,0.627,1.1,1.8,0.604,2.3,4.9,7.3,0.6,0.3,1.4,1.1,2.8,6
186,Rudy Fernandez,2010,0,SG,24,POR,62,2,23.2,2.6,6.8,0.378,1.6,4.3,0.368,1,2.5,0.395,0.494,1.4,1.6,0.867,0.6,2.1,2.6,2,1,0.2,1.2,1.4,8.1
187,Andris Biedrins,2010,0,C,23,GSW,33,29,23.1,2.5,4.2,0.591,0,0,,2.5,4.2,0.591,0.591,0.1,0.8,0.16,1.9,5.9,7.8,1.7,0.6,1.3,1,3.5,5
188,Francisco Garcia,2010,0,SG,28,SAC,25,4,23,3.3,7,0.466,0.9,2.4,0.39,2.4,4.7,0.504,0.531,0.6,0.7,0.882,0.4,2.2,2.6,1.8,0.4,0.8,0.8,2,8.1
189,Jarvis Hayes,2010,0,SF,28,NJN,45,19,23,3.1,7.3,0.421,1.3,4,0.335,1.7,3.3,0.523,0.512,0.3,0.4,0.778,0.2,2.2,2.4,0.9,0.6,0.2,0.6,2,7.8
190,James Harden,2010,0,SG,20,OKC,76,0,22.9,3.1,7.6,0.403,1.2,3.3,0.375,1.8,4.3,0.424,0.484,2.6,3.2,0.808,0.6,2.6,3.2,1.8,1.1,0.3,1.4,2.6,9.9
191,Nenad Krstic,2010,0,C,26,OKC,76,76,22.9,3.7,7.4,0.502,0,0.1,0.2,3.7,7.3,0.505,0.503,1,1.4,0.717,1.8,3.3,5,0.7,0.4,0.6,0.8,2.3,8.4
192,Tyson Chandler,2010,0,C,27,CHA,51,27,22.8,2.1,3.7,0.574,0,0,,2.1,3.7,0.574,0.574,2.3,3.1,0.732,2.2,4,6.3,0.3,0.3,1.1,1.8,2.7,6.5
193,Charlie Bell,2010,0,SG,30,MIL,71,39,22.7,2.4,6.2,0.381,1,2.8,0.365,1.4,3.4,0.395,0.464,0.7,0.9,0.716,0.4,1.4,1.9,1.5,0.5,0.2,0.8,1.9,6.5
194,Joel Przybilla,2010,0,C,30,POR,30,9,22.7,1.5,2.9,0.523,0,0,,1.5,2.9,0.523,0.523,1.1,1.7,0.647,2.4,5.5,7.9,0.3,0.3,1.4,1.3,3.2,4.1
195,Anthony Randolph,2010,0,C,20,GSW,33,8,22.7,4.2,9.4,0.443,0,0.2,0.2,4.1,9.2,0.447,0.445,3.3,4.1,0.801,2.2,4.3,6.5,1.3,0.8,1.5,1.5,2.8,11.6
196,Tyrus Thomas,2010,0,PF,23,TOT,54,3,22.6,3.6,7.8,0.462,0,0.1,0,3.6,7.7,0.465,0.462,2.2,3.2,0.686,1.5,4.7,6.2,1,1.2,1.6,1.7,2.4,9.4
197,Terrence Williams,2010,0,SF,22,NJN,78,9,22.6,3.3,8.3,0.401,0.4,1.3,0.31,2.9,7.1,0.417,0.425,1.3,1.8,0.715,0.6,3.9,4.5,2.9,0.6,0.1,1.6,1.6,8.4
198,Mickael Pietrus,2010,0,SF,27,ORL,75,24,22.5,3.1,7.2,0.432,1.5,4.1,0.379,1.6,3.1,0.502,0.54,0.9,1.5,0.633,0.5,2.3,2.9,0.7,0.7,0.4,0.9,1.8,8.7
199,James Posey,2010,0,SF,33,NOH,77,2,22.5,1.6,4.5,0.365,1.1,3.1,0.335,0.6,1.3,0.437,0.483,0.9,1,0.825,0.4,3.9,4.3,1.5,0.5,0.2,0.7,2.6,5.2
200,Rasheed Wallace,2010,0,C,35,BOS,79,13,22.5,3.4,8.2,0.409,1,3.7,0.283,2.3,4.6,0.511,0.472,1.2,1.6,0.768,0.5,3.6,4.1,1,1,0.9,0.8,2.8,9
201,Juwan Howard,2010,0,C,36,POR,73,27,22.4,2.6,5.1,0.509,0,0,0,2.6,5.1,0.511,0.509,0.8,1,0.786,1.5,3.1,4.6,0.8,0.4,0.1,1,2.6,6
202,Tracy McGrady,2010,0,SG,30,TOT,30,24,22.4,3,7.8,0.387,0.5,2.1,0.25,2.5,5.7,0.439,0.421,1.6,2.1,0.746,0.7,2.4,3.1,3.3,0.5,0.5,1.5,1.3,8.2
203,Chris Andersen,2010,0,PF,31,DEN,76,0,22.3,1.9,3.3,0.566,0,0,0,1.9,3.3,0.573,0.566,2.2,3.1,0.695,1.9,4.4,6.4,0.4,0.6,1.9,0.8,2.3,5.9
204,Ronald Murray,2010,0,SG,30,TOT,75,2,22.3,3.6,9.1,0.392,0.9,2.9,0.312,2.7,6.2,0.431,0.443,1.9,2.6,0.727,0.4,2.1,2.4,1.8,0.6,0.2,1.2,1.7,9.9
205,Mike Dunleavy,2010,0,SF,29,IND,67,15,22.2,3.4,8.3,0.41,1.1,3.5,0.318,2.3,4.8,0.478,0.478,2,2.4,0.842,0.4,3.1,3.5,1.5,0.6,0.2,1.1,1.6,9.9
206,Shaun Livingston,2010,0,PG,24,TOT,36,18,22.1,2.9,5.6,0.517,0,0.2,0,2.9,5.4,0.533,0.517,1.2,1.3,0.875,0.4,1.7,2.2,3.6,0.5,0.3,1.6,1.7,6.9
207,Carlos Arroyo,2010,0,PG,30,MIA,72,35,22,2.5,5.2,0.475,0.1,0.3,0.28,2.4,4.9,0.489,0.484,1.1,1.3,0.844,0.4,1.4,1.8,3.1,0.5,0.1,0.8,1.4,6.1
208,Oliver Lafayette,2010,0,SG,25,BOS,1,0,22,3,6,0.5,1,2,0.5,2,4,0.5,0.583,0,0,,1,3,4,2,0,0,1,0,7
209,J.J. Redick,2010,0,SG,25,ORL,82,9,22,3,6.7,0.439,1.4,3.3,0.405,1.6,3.4,0.473,0.54,2.3,2.7,0.86,0.2,1.7,1.9,1.9,0.3,0,0.8,1.4,9.6
210,Henry Walker,2010,0,SG,22,TOT,35,13,21.9,3.4,6.6,0.517,1.4,3.3,0.431,2,3.3,0.603,0.625,1.1,1.4,0.796,0.4,2.1,2.5,1.1,0.7,0.1,0.8,2.4,9.4
211,Cartier Martin,2010,0,SF,25,TOT,18,2,21.7,2.8,7.6,0.368,0.9,2.7,0.347,1.8,4.8,0.379,0.43,1.3,1.7,0.8,1.4,2.4,3.8,0.9,0.6,0.1,1.1,2.7,7.8
212,Vladimir Radmanovic,2010,0,PF,29,TOT,41,20,21.7,2.5,6.7,0.377,0.7,2.6,0.278,1.8,4,0.442,0.432,0.5,0.7,0.741,1.2,3.1,4.3,1.1,0.7,0.2,1.1,2.4,6.2
213,DeMar DeRozan,2010,0,SG,20,TOR,77,65,21.6,3.3,6.6,0.498,0.1,0.2,0.25,3.3,6.4,0.506,0.502,1.9,2.5,0.763,0.9,2,2.9,0.7,0.6,0.2,0.8,2.3,8.6
214,Chuck Hayes,2010,0,C,26,HOU,82,82,21.6,2,4,0.489,0,0,,2,4,0.489,0.489,0.4,0.8,0.545,1.8,3.8,5.7,1.7,0.9,0.5,0.9,2.7,4.4
215,Travis Outlaw,2010,0,SF,25,TOT,34,6,21.5,3.2,8.3,0.391,1.2,3.1,0.381,2.1,5.2,0.398,0.463,1.4,1.7,0.831,1,2.6,3.6,1,0.5,0.5,0.9,1.3,9.1
216,Luke Ridnour,2010,0,PG,28,MIL,82,0,21.5,4,8.4,0.478,0.8,2.2,0.381,3.2,6.2,0.513,0.528,1.5,1.7,0.907,0.3,1.5,1.7,4,0.7,0.1,1.3,2.2,10.4
217,Donte Greene,2010,0,SF,21,SAC,76,50,21.4,3.2,7.3,0.441,0.9,2.4,0.377,2.3,4.9,0.473,0.504,1.2,1.8,0.643,0.7,2.4,3.1,0.9,0.5,0.7,1.2,2,8.5
218,Darko Milicic,2010,0,C,24,TOT,32,18,21.4,3.1,6.4,0.49,0,0,0,3.1,6.3,0.493,0.49,0.5,0.9,0.536,1.5,3.3,4.7,1.5,0.7,1.1,1.1,2.6,6.7
219,Willie Green,2010,0,SG,28,PHI,73,18,21.3,3.4,7.4,0.457,0.6,1.9,0.346,2.8,5.6,0.494,0.5,1.3,1.6,0.833,0.3,1.5,1.8,2.1,0.4,0.2,0.9,1.8,8.7
220,Trenton Hassell,2010,0,SF,30,NJN,52,31,21.3,1.7,4.2,0.411,0,0.1,0,1.7,4.1,0.421,0.411,1,1.3,0.754,1.1,1.8,2.9,1,0.3,0.2,0.9,1.8,4.5
221,Devin Brown,2010,0,SG,31,TOT,50,37,21.2,2.7,7.2,0.377,1.2,3.3,0.354,1.6,3.9,0.396,0.457,1.4,1.7,0.802,0.6,1.9,2.5,1.3,0.7,0.1,1.2,1.4,8
222,Morris Peterson,2010,0,SG,32,NOH,46,39,21.2,2.5,6.5,0.385,1.3,3.7,0.363,1.2,2.8,0.415,0.488,0.7,1.2,0.611,0.4,2.4,2.7,0.9,0.5,0.1,0.6,1.8,7.1
223,Ramon Sessions,2010,0,PG,23,MIN,82,1,21.1,3.1,6.8,0.456,0,0.2,0.067,3.1,6.6,0.467,0.457,2,2.8,0.717,0.7,1.9,2.6,3.1,0.7,0.1,1.7,1.7,8.2
224,Antonio McDyess,2010,0,PF,35,SAS,77,50,21,2.7,5.6,0.479,0,0,0,2.7,5.5,0.481,0.479,0.5,0.7,0.632,1.9,4,5.9,1.1,0.6,0.4,1,1.9,5.8
225,J.J. Hickson,2010,0,PF,21,CLE,81,73,20.9,3.6,6.4,0.554,0,0,0,3.6,6.4,0.555,0.554,1.4,2,0.681,1.4,3.6,4.9,0.5,0.4,0.5,1.1,1.6,8.5
226,Zydrunas Ilgauskas,2010,0,C,34,CLE,64,6,20.9,3,6.8,0.443,0.2,0.4,0.478,2.9,6.5,0.441,0.455,1.2,1.6,0.743,1.8,3.6,5.4,0.8,0.2,0.8,1,2.9,7.4
227,Nick Collison,2010,0,C,29,OKC,75,5,20.8,2.4,4.1,0.589,0,0.1,0.25,2.4,4.1,0.593,0.591,1,1.4,0.692,2,3.1,5.1,0.5,0.5,0.6,0.8,3.1,5.9
228,Ronny Turiaf,2010,0,C,27,GSW,42,20,20.8,2,3.5,0.582,0,0,0,2,3.5,0.586,0.582,0.9,1.9,0.474,1.3,3.3,4.5,2.1,0.5,1.3,1.2,2.3,4.9
229,Jason Williams,2010,0,PG,34,ORL,82,18,20.8,2.3,5.2,0.444,1,2.7,0.38,1.3,2.5,0.512,0.542,0.4,0.5,0.756,0.1,1.5,1.5,3.6,0.6,0,1.1,0.8,6
230,Antoine Wright,2010,0,SF,25,TOR,67,10,20.8,2.4,6,0.406,0.9,2.6,0.335,1.6,3.4,0.46,0.479,0.8,1.1,0.688,0.6,2.3,2.8,1.1,0.4,0.2,0.9,2,6.5
231,Dorell Wright,2010,0,SF,24,MIA,72,1,20.8,2.7,5.8,0.463,0.8,2.2,0.389,1.8,3.6,0.508,0.536,0.8,1,0.884,0.7,2.6,3.3,1.3,0.7,0.4,0.7,1.3,7.1
232,Shannon Brown,2010,0,SG,24,LAL,82,7,20.7,3.1,7.2,0.427,0.8,2.3,0.328,2.3,4.9,0.474,0.48,1.2,1.5,0.818,0.4,1.9,2.2,1.3,0.7,0.4,0.8,1.6,8.1
233,Hakim Warrick,2010,0,PF,27,TOT,76,6,20.5,3.5,7.2,0.482,0,0.1,0.143,3.5,7.1,0.486,0.483,2.7,3.6,0.737,1.7,2.5,4.1,0.7,0.3,0.2,1.1,1.7,9.6
234,Jason Maxiell,2010,0,C,26,DET,76,29,20.4,2.8,5.5,0.511,0,0,0,2.8,5.4,0.512,0.511,1.2,2,0.574,2.1,3.2,5.3,0.5,0.5,0.5,0.9,2.3,6.8
235,Jerry Stackhouse,2010,0,SG,35,MIL,42,0,20.4,3.1,7.5,0.408,1.1,3.1,0.346,2,4.4,0.452,0.479,1.3,1.6,0.797,0.5,1.9,2.4,1.7,0.5,0.2,1.6,1.3,8.5
236,Ty Lawson,2010,0,PG,22,DEN,65,8,20.3,3.1,6,0.515,0.5,1.3,0.41,2.6,4.7,0.544,0.559,1.6,2.2,0.757,0.6,1.3,1.9,3.1,0.7,0,1.3,1.4,8.3
237,Chase Budinger,2010,0,SF,21,HOU,74,4,20.1,3.4,7.6,0.441,1.2,3.4,0.369,2.1,4.3,0.497,0.522,0.9,1.2,0.77,0.5,2.5,3,1.2,0.5,0.1,0.6,1.1,8.9
238,Nate Robinson,2010,0,PG,25,TOT,56,2,19.9,3.8,8.8,0.436,1.6,4,0.39,2.3,4.8,0.474,0.524,0.9,1.2,0.746,0.5,1.5,2,2.9,0.9,0.1,1.3,2.1,10.1
239,J.J. Barea,2010,0,PG,25,DAL,78,18,19.8,3,6.8,0.44,0.7,2,0.357,2.3,4.7,0.476,0.493,1,1.2,0.844,0.2,1.7,1.9,3.3,0.4,0.1,1.3,1.5,7.6
240,Sonny Weems,2010,0,SG,23,TOR,69,19,19.8,3.4,6.6,0.515,0,0.2,0.133,3.4,6.4,0.528,0.517,0.6,0.9,0.688,0.6,2.2,2.8,1.5,0.6,0.4,0.9,1.8,7.5
241,Damien Wilkins,2010,0,SF,30,MIN,80,31,19.8,2.1,4.8,0.433,0.2,0.8,0.295,1.8,4,0.459,0.457,1.3,1.6,0.798,0.9,2.2,3.1,1.7,0.8,0.3,1,1.8,5.6
242,Keith Bogans,2010,0,SF,29,SAS,79,50,19.7,1.5,3.8,0.403,0.9,2.5,0.357,0.6,1.3,0.49,0.52,0.5,0.6,0.74,0.3,1.9,2.2,1.2,0.6,0.2,0.7,2,4.4
243,Andres Nocioni,2010,0,SF,30,SAC,75,28,19.7,3.1,7.8,0.399,1.3,3.3,0.386,1.8,4.5,0.408,0.48,0.9,1.3,0.717,0.4,2.5,3,1,0.4,0.3,0.9,2.1,8.5
244,Toney Douglas,2010,0,PG,23,NYK,56,12,19.4,3.2,7,0.458,1.2,3.1,0.389,2,3.9,0.514,0.545,1,1.2,0.809,0.7,1.2,1.9,2,0.8,0.1,1,2.1,8.6
245,Robin Lopez,2010,0,C,21,PHO,51,31,19.3,3.4,5.7,0.588,0,0,,3.4,5.7,0.588,0.588,1.7,2.5,0.704,2,2.8,4.9,0.1,0.2,1,0.8,2.3,8.4
246,Roger Mason,2010,0,SG,29,SAS,79,5,19.2,2.4,6.3,0.389,1.1,3.3,0.333,1.3,2.9,0.453,0.478,0.3,0.4,0.794,0.1,1.9,2.1,1.7,0.4,0.2,0.7,1.3,6.3
247,Nick Young,2010,0,SG,24,WAS,74,23,19.2,3.1,7.5,0.418,0.9,2.3,0.406,2.2,5.2,0.423,0.479,1.4,1.8,0.8,0.3,1.1,1.4,0.6,0.4,0.1,0.8,2,8.6
248,Daniel Gibson,2010,0,PG,23,CLE,56,10,19.1,2.2,4.8,0.466,1.3,2.7,0.477,1,2.1,0.454,0.599,0.6,0.9,0.694,0.2,1.1,1.3,1.3,0.4,0.1,0.6,1.4,6.3
249,Darius Songaila,2010,0,C,31,NOH,75,1,18.8,3.2,6.5,0.494,0,0.1,0.167,3.2,6.4,0.498,0.495,0.8,1,0.811,0.8,2.3,3.1,0.9,0.8,0.2,1.1,2.7,7.2
250,D.J. Augustin,2010,0,PG,22,CHA,80,2,18.4,2.1,5.4,0.386,0.9,2.2,0.393,1.2,3.2,0.381,0.467,1.3,1.6,0.779,0.1,1.1,1.2,2.4,0.6,0.1,0.9,1.6,6.4
251,Marquis Daniels,2010,0,SF,29,BOS,51,4,18.4,2.4,4.9,0.498,0.1,0.5,0.214,2.3,4.3,0.534,0.51,0.7,1.1,0.607,0.5,1.3,1.9,1.3,0.5,0.1,0.8,1.8,5.6
252,Keyon Dooling,2010,0,PG,29,NJN,53,8,18.3,2.4,6.1,0.398,1.1,3,0.376,1.3,3.2,0.419,0.489,0.9,1.2,0.77,0.2,0.9,1,2.5,0.6,0,1.1,1.5,6.9
253,Kyle Korver,2010,0,SG,28,UTA,52,0,18.3,2.7,5.4,0.493,1.1,2.1,0.536,1.5,3.3,0.465,0.598,0.8,0.9,0.796,0.2,1.9,2.1,1.7,0.5,0.2,0.8,1.5,7.2
254,DeJuan Blair,2010,0,PF,20,SAS,82,23,18.2,3.4,6,0.556,0,0,0,3.4,6,0.558,0.556,1.1,2,0.547,2.4,4,6.4,0.8,0.6,0.5,1.4,2.7,7.8
255,Wayne Ellington,2010,0,SG,22,MIN,76,1,18.2,2.5,5.9,0.424,0.8,2.1,0.395,1.7,3.8,0.441,0.496,0.8,0.9,0.871,0.4,1.7,2.1,1,0.3,0.1,1,0.9,6.6
256,Serge Ibaka,2010,0,PF,20,OKC,73,0,18.1,2.8,5.1,0.543,0,0,0.5,2.7,5,0.543,0.545,0.8,1.3,0.63,1.9,3.5,5.4,0.1,0.3,1.3,0.9,2.7,6.3
257,Goran Dragic,2010,0,PG,23,PHO,80,2,18,2.8,6.1,0.452,0.9,2.4,0.394,1.9,3.8,0.488,0.527,1.5,2,0.736,0.5,1.7,2.1,3,0.6,0.1,1.6,1.6,7.9
258,Jordan Farmar,2010,0,PG,23,LAL,82,0,18,2.7,6.3,0.435,1,2.8,0.376,1.7,3.5,0.483,0.518,0.7,1,0.671,0.2,1.4,1.6,1.5,0.6,0.1,0.9,1.3,7.2
259,Leandro Barbosa,2010,0,PG,27,PHO,44,5,17.9,3.5,8.3,0.425,1,3.1,0.324,2.5,5.2,0.485,0.485,1.5,1.7,0.877,0.3,1.3,1.6,1.5,0.5,0.3,1,1.6,9.5
260,Matt Bonner,2010,0,PF,29,SAS,65,8,17.9,2.6,5.7,0.446,1.4,3.6,0.39,1.2,2.2,0.539,0.567,0.5,0.7,0.729,0.8,2.5,3.3,1,0.5,0.4,0.6,1.7,7
261,Eddie House,2010,0,PG,31,TOT,68,0,17.9,2.5,6.7,0.38,1.2,3.3,0.348,1.4,3.4,0.412,0.467,0.7,0.8,0.923,0.2,1.4,1.6,1.3,0.6,0.1,0.7,1.2,7
262,Kris Humphries,2010,0,PF,24,TOT,69,0,17.7,2.6,5.9,0.441,0,0,0,2.6,5.9,0.442,0.441,1.8,2.8,0.668,1.7,3.7,5.5,0.5,0.5,0.7,1,2.1,7.1
263,Amir Johnson,2010,0,PF,22,TOR,82,5,17.7,2.5,4.1,0.623,0,0,0,2.5,4,0.63,0.623,1.2,1.8,0.638,1.9,2.9,4.8,0.6,0.5,0.8,0.8,3.1,6.2
264,Mikki Moore,2010,0,C,34,GSW,23,20,17.7,2.3,3.9,0.6,0,0,,2.3,3.9,0.6,0.6,0.3,0.5,0.636,1.1,1.9,3,1.6,0.2,0.6,0.9,2.6,5
265,Jerryd Bayless,2010,0,SG,21,POR,74,11,17.6,2.7,6.5,0.414,0.4,1.2,0.315,2.3,5.3,0.437,0.444,2.7,3.3,0.831,0.2,1.4,1.6,2.3,0.4,0.1,1.3,2.1,8.5
266,Tyler Hansbrough,2010,0,PF,24,IND,29,1,17.6,2.8,7.8,0.36,0,0.1,0,2.8,7.6,0.367,0.36,2.9,3.9,0.743,2.1,2.7,4.8,1,0.6,0.3,0.7,2.4,8.5
267,Glen Davis,2010,0,PF,24,BOS,54,1,17.3,2.3,5.2,0.437,0,0.1,0,2.3,5.1,0.444,0.437,1.8,2.6,0.696,1.9,1.9,3.8,0.6,0.4,0.3,1,2.4,6.3
268,Luther Head,2010,0,SG,27,IND,47,10,17.3,2.9,6.6,0.437,0.8,2.2,0.352,2.1,4.4,0.481,0.497,1,1.2,0.828,0.1,1.6,1.7,1.5,0.4,0.2,1.1,1.1,7.6
269,Jamario Moon,2010,0,SF,29,CLE,61,2,17.2,1.9,4,0.462,0.5,1.6,0.32,1.3,2.4,0.558,0.526,0.6,0.7,0.8,0.4,2.7,3.1,0.8,0.6,0.5,0.4,1.1,4.9
270,Bobby Simmons,2010,0,PF,29,NJN,23,2,17.2,1.8,5.1,0.359,0.9,2.7,0.317,1,2.3,0.407,0.444,0.8,0.9,0.9,0.5,2.3,2.7,0.7,0.7,0.1,0.8,2.3,5.3
271,Jason Kapono,2010,0,SF,28,PHI,57,12,17.1,2.2,5.3,0.419,1.1,3,0.368,1.1,2.3,0.485,0.523,0.2,0.3,0.6,0.2,0.9,1.2,0.7,0.4,0.1,0.6,1.4,5.7
272,James Singleton,2010,0,PF,28,TOT,57,3,17.1,1.7,4.5,0.382,0.1,0.6,0.189,1.6,3.8,0.415,0.396,0.9,1.1,0.855,1.9,2.9,4.8,0.5,0.5,0.8,0.9,2,4.5
273,Marco Belinelli,2010,0,SG,23,TOR,66,1,17,2.3,5.7,0.406,0.9,2.4,0.38,1.4,3.3,0.425,0.485,1.5,1.8,0.835,0.2,1.2,1.4,1.3,0.6,0.1,0.9,1.2,7.1
274,Nazr Mohammed,2010,0,C,32,CHA,58,29,17,3.3,5.9,0.553,0,0,,3.3,5.9,0.553,0.553,1.4,2.2,0.648,2,3.3,5.2,0.5,0.3,0.7,0.9,1.8,7.9
275,Devean George,2010,0,SF,32,GSW,45,4,16.9,2,4.6,0.432,1.1,2.7,0.39,0.9,1.8,0.494,0.549,0.4,0.5,0.696,0.5,2.1,2.5,0.7,0.9,0.2,0.3,2,5.4
276,Ryan Hollins,2010,0,C,25,MIN,73,27,16.8,2.3,4.2,0.558,0,0,0,2.3,4.1,0.56,0.558,1.5,2.2,0.69,1.1,1.8,2.8,0.7,0.3,0.5,1.3,2.7,6.1
277,Earl Boykins,2010,0,PG,33,WAS,67,1,16.7,2.6,6,0.427,0.3,0.9,0.317,2.3,5.1,0.446,0.45,1.1,1.3,0.865,0.3,0.9,1.1,2.6,0.4,0,1,0.7,6.6
278,Maurice Evans,2010,0,SF,31,ATL,79,5,16.7,2.2,5,0.445,0.7,2.1,0.337,1.5,2.8,0.527,0.518,0.6,0.8,0.754,0.7,1.2,1.9,0.6,0.4,0.2,0.3,1.6,5.7
279,Josh Boone,2010,0,PF,25,NJN,63,28,16.6,1.9,3.5,0.525,0,0,,1.9,3.5,0.525,0.525,0.3,0.9,0.328,2,3,5,0.5,0.5,0.8,0.6,1.8,4
280,Tony Allen,2010,0,SG,28,BOS,54,8,16.5,2.4,4.7,0.51,0,0.1,0,2.4,4.6,0.52,0.51,1.3,2.2,0.605,1,1.7,2.7,1.3,1.1,0.4,1.2,2,6.1
281,Joel Anthony,2010,0,C,27,MIA,80,16,16.5,1,2,0.478,0,0,,1,2,0.478,0.478,0.8,1.2,0.717,1.5,1.6,3.1,0.2,0.3,1.4,0.6,2,2.7
282,Alonzo Gee,2010,0,SG,22,WAS,11,2,16.5,2.5,5.4,0.475,0.6,0.8,0.778,1.9,4.5,0.42,0.534,1.6,2.6,0.621,1.4,1.6,3,0.6,0.6,0.1,0.9,1.2,7.4
283,Theo Ratliff,2010,0,C,36,TOT,49,29,16.5,1.4,3.1,0.461,0,0,,1.4,3.1,0.461,0.461,0.8,1,0.76,1.2,2,3.2,0.5,0.2,1.2,0.8,1.8,3.6
284,Sam Young,2010,0,SF,24,MEM,80,1,16.5,2.8,6.2,0.451,0.1,0.7,0.196,2.7,5.5,0.483,0.462,1.7,2.2,0.777,1,1.6,2.5,0.7,0.4,0.3,1.2,1.3,7.4
285,Craig Smith,2010,0,PF,26,LAC,75,2,16.4,3,5.3,0.569,0,0.1,0.2,3,5.2,0.574,0.571,1.8,2.8,0.635,1.3,2.5,3.8,1.1,0.4,0.3,1.2,2.6,7.8
286,Marreese Speights,2010,0,C,22,PHI,62,1,16.4,3.4,7.2,0.477,0,0.1,0,3.4,7.1,0.483,0.477,1.7,2.3,0.745,1.4,2.7,4.1,0.6,0.5,0.5,0.8,2.5,8.6
287,DeAndre Jordan,2010,0,C,21,LAC,70,12,16.2,2.1,3.4,0.605,0,0,0,2.1,3.4,0.61,0.605,0.7,1.8,0.375,1.7,3.3,5,0.3,0.2,0.9,1.1,2.2,4.8
288,Chucky Atkins,2010,0,PG,35,DET,40,11,16.1,1.4,3.9,0.363,0.6,1.8,0.301,0.9,2.1,0.417,0.433,0.6,0.7,0.926,0.1,0.6,0.7,2.3,0.4,0,0.8,1.3,4
289,Coby Karl,2010,0,SF,26,TOT,7,1,16.1,1.6,4.6,0.344,0.3,1.6,0.182,1.3,3,0.429,0.375,0.6,0.9,0.667,0.6,2,2.6,2.1,0.4,0.1,1.4,2,4
290,JaVale McGee,2010,0,C,22,WAS,60,19,16.1,2.6,5.1,0.508,0,0,0,2.6,5.1,0.51,0.508,1.2,1.9,0.638,1.5,2.6,4.1,0.2,0.3,1.7,0.9,2,6.4
291,Anthony Carter,2010,0,PG,34,DEN,54,7,15.9,1.4,3.4,0.42,0.3,1.2,0.27,1.1,2.2,0.5,0.467,0.2,0.2,0.846,0.3,1.3,1.6,3,0.7,0.2,1.1,1.3,3.3
292,Jeff Foster,2010,0,C,33,IND,16,3,15.9,1.4,2.9,0.478,0,0.1,0,1.4,2.8,0.489,0.478,0.3,0.6,0.556,2.1,2.9,5.1,1.3,0.2,0.3,0.9,2.8,3.1
293,Sergio Rodriguez,2010,0,PG,23,TOT,66,8,15.9,2.5,5.3,0.476,0.5,1.4,0.352,2,3.9,0.519,0.521,1,1.4,0.731,0.4,1,1.3,3.2,0.8,0.1,1.7,1.3,6.6
294,Tim Thomas,2010,0,SF,32,DAL,18,1,15.8,2.7,5.9,0.462,0.9,2.4,0.372,1.8,3.5,0.524,0.538,1.2,1.3,0.875,0.7,1.6,2.3,0.8,0.6,0.1,0.8,1.7,7.5
295,Eric Maynor,2010,0,PG,22,TOT,81,2,15.7,1.9,4.5,0.418,0.3,0.9,0.31,1.6,3.7,0.444,0.448,0.6,0.9,0.722,0.3,1.3,1.6,3.3,0.5,0.1,1,1.4,4.7
296,Jamaal Tinsley,2010,0,PG,31,MEM,38,1,15.5,1.4,3.7,0.371,0.2,1,0.179,1.2,2.7,0.446,0.396,0.6,0.7,0.815,0.3,1.4,1.7,2.8,0.9,0.1,1.7,1.8,3.5
297,Daequan Cook,2010,0,SG,22,MIA,45,3,15.4,1.8,5.6,0.32,0.9,2.8,0.317,0.9,2.8,0.323,0.399,0.5,0.6,0.84,0.2,1.6,1.8,1,0.3,0.2,0.5,1.1,5
298,Michael Finley,2010,0,SF,36,TOT,46,7,15.4,1.8,4,0.44,0.7,1.8,0.39,1.1,2.2,0.48,0.527,0.2,0.3,0.533,0.1,1.4,1.5,0.9,0.2,0.1,0.5,0.7,4.4
299,A.J. Price,2010,0,PG,23,IND,56,2,15.4,2.6,6.3,0.41,1.1,3.1,0.345,1.5,3.2,0.472,0.494,1.1,1.3,0.8,0.2,1.4,1.6,1.9,0.6,0.1,1.1,0.9,7.3
300,Sebastian Telfair,2010,0,PG,24,TOT,43,1,15.3,1.9,4.7,0.413,0.3,1.3,0.232,1.6,3.4,0.483,0.445,0.7,0.9,0.784,0.1,0.9,1,2.9,0.6,0.1,1.2,1.7,4.8
301,Antonio Anderson,2010,0,SF,24,OKC,1,0,15,1,3,0.333,0,0,,1,3,0.333,0.333,0,0,,1,0,1,0,0,0,1,1,2
302,Kurt Thomas,2010,0,C,37,MIL,70,9,15,1.4,3,0.476,0,0,,1.4,3,0.476,0.476,0.2,0.2,0.8,1.2,3,4.2,0.7,0.4,0.7,0.7,2.3,3
303,Eduardo Najera,2010,0,PF,33,TOT,46,5,14.9,1.3,3.2,0.425,0.4,1.4,0.297,0.9,1.8,0.524,0.49,0.3,0.5,0.583,0.7,1.8,2.5,0.6,0.6,0.3,0.5,2,3.4
304,Lou Amundson,2010,0,PF,27,PHO,79,0,14.8,1.9,3.5,0.551,0,0,0,1.9,3.5,0.553,0.551,0.8,1.6,0.545,1.6,2.8,4.4,0.4,0.3,0.9,0.7,2.1,4.7
305,Mike Wilks,2010,0,PG,30,OKC,4,0,14.8,1.5,3,0.5,0.5,0.8,0.667,1,2.3,0.444,0.583,0.5,1,0.5,0.3,0.8,1,1,0,0,1,1.3,4
306,Ryan Anderson,2010,0,PF,21,ORL,63,6,14.5,2.7,6.2,0.436,1.2,3.3,0.37,1.4,2.8,0.514,0.536,1.1,1.3,0.866,1.1,2.1,3.2,0.6,0.4,0.2,0.9,1.3,7.7
307,Darrell Arthur,2010,0,PF,21,MEM,32,1,14.3,2,4.6,0.432,0,0,0,2,4.5,0.434,0.432,0.5,0.9,0.567,1.2,2.3,3.4,0.5,0.4,0.4,0.7,1.9,4.5
308,David Andersen,2010,0,C,29,HOU,63,0,14.1,2.3,5.4,0.432,0.4,1.2,0.346,1.9,4.2,0.458,0.472,0.7,1.1,0.687,0.9,2.4,3.3,0.7,0.2,0.2,0.6,1.9,5.8
309,Marcus Williams,2010,0,PG,24,MEM,62,1,14.1,1.7,4.4,0.384,0.4,1.3,0.296,1.3,3.1,0.421,0.428,0.6,0.9,0.673,0.2,1.3,1.5,2.6,0.5,0,1.2,0.7,4.3
310,James Jones,2010,0,SF,29,MIA,36,6,14,1.2,3.3,0.361,1,2.5,0.411,0.2,0.8,0.207,0.517,0.6,0.8,0.821,0.1,1.1,1.3,0.5,0.3,0.1,0.3,1.3,4.1
311,Zaza Pachulia,2010,0,C,25,ATL,78,1,14,1.5,3.2,0.488,0,0.1,0,1.5,3.1,0.496,0.488,1.2,1.8,0.65,1.5,2.3,3.8,0.5,0.5,0.4,0.7,2.4,4.3
312,Etan Thomas,2010,0,C,31,OKC,23,1,14,1.3,3,0.456,0,0,,1.3,3,0.456,0.456,0.6,1,0.591,0.8,2,2.8,0,0.2,0.7,0.8,1.7,3.3
313,Ricky Davis,2010,0,SF,30,LAC,36,2,13.9,1.7,4,0.434,0.4,1.2,0.381,1.3,2.8,0.455,0.49,0.5,0.9,0.581,0.3,1.3,1.6,1.1,0.3,0.1,0.8,1.1,4.4
314,Kwame Brown,2010,0,C,27,DET,48,1,13.8,1.3,2.6,0.5,0,0,0,1.3,2.6,0.504,0.5,0.7,2,0.337,1.1,2.6,3.7,0.5,0.3,0.3,0.9,1.9,3.3
315,DeShawn Stevenson,2010,0,SG,28,TOT,64,18,13.8,0.7,2.5,0.282,0.3,1.4,0.218,0.4,1.2,0.355,0.34,0.4,0.5,0.714,0.2,1.3,1.4,0.9,0.3,0.1,0.5,1.2,2.1
316,Ime Udoka,2010,0,SG,32,SAC,69,2,13.7,1.3,3.5,0.378,0.4,1.3,0.286,0.9,2.2,0.433,0.432,0.6,0.8,0.737,0.7,2,2.8,0.8,0.5,0.1,0.6,1.2,3.6
317,Jawad Williams,2010,0,PG,26,CLE,54,6,13.7,1.5,3.8,0.393,0.6,1.7,0.323,0.9,2.1,0.451,0.466,0.6,0.8,0.711,0.3,1.2,1.5,0.6,0.2,0.1,0.3,1.4,4.1
318,Marcin Gortat,2010,0,C,25,ORL,81,0,13.4,1.5,2.8,0.533,0,0,0,1.5,2.8,0.54,0.533,0.6,0.9,0.68,1.3,2.9,4.2,0.2,0.2,0.9,0.6,1.7,3.6
319,Ronnie Price,2010,0,PG,26,UTA,60,4,13.4,1.6,4,0.405,0.3,1.1,0.286,1.3,3,0.447,0.442,0.7,1,0.695,0.5,0.8,1.2,2.1,0.7,0.2,0.9,1.8,4.3
320,Austin Daye,2010,0,SF,21,DET,69,4,13.3,2,4.3,0.464,0.4,1.4,0.305,1.6,2.9,0.54,0.514,0.7,0.8,0.821,0.5,2,2.5,0.5,0.4,0.4,0.7,1.7,5.1
321,Jordan Hill,2010,0,PF,22,TOT,47,0,13.3,2.1,4.3,0.493,0,0,0,2.1,4.2,0.497,0.493,1,1.4,0.676,1.6,2.1,3.7,0.4,0.3,0.4,0.6,2,5.2
322,Desmond Mason,2010,0,SF,32,SAC,5,4,13.2,1,2.4,0.417,0,0,,1,2.4,0.417,0.417,0.6,0.8,0.75,0.8,1.8,2.6,0.4,0.2,0.2,0.8,1,2.6
323,Jannero Pargo,2010,0,PG,30,CHI,63,5,13.2,2.1,6,0.346,0.6,2.2,0.275,1.5,3.9,0.387,0.396,0.7,0.7,0.933,0.1,1.1,1.2,1.4,0.5,0,0.8,1.1,5.5
324,Chris Hunter,2010,0,C,25,GSW,60,9,13.1,1.8,3.6,0.502,0,0.1,0,1.8,3.6,0.512,0.502,0.9,1.2,0.754,0.9,1.9,2.8,0.6,0.2,0.6,0.5,2.2,4.5
325,Anthony Johnson,2010,0,PG,35,ORL,31,0,13.1,1.6,3.6,0.441,0.4,1.3,0.333,1.2,2.3,0.5,0.5,0.6,0.6,0.95,0.3,1.3,1.5,2,0.4,0,0.8,1,4.2
326,Brandon Bass,2010,0,PF,24,ORL,50,3,13,2.4,4.7,0.511,0,0,,2.4,4.7,0.511,0.511,1,1.3,0.825,1.1,1.5,2.5,0.4,0.2,0.5,0.6,1.4,5.8
327,Solomon Jones,2010,0,C,25,IND,52,2,13,1.5,3.4,0.443,0,0.1,0,1.5,3.3,0.451,0.443,1,1.4,0.718,1,1.8,2.8,0.6,0.3,0.7,0.8,2.4,4
328,Hasheem Thabeet,2010,0,C,22,MEM,68,13,13,1.1,1.9,0.588,0,0,,1.1,1.9,0.588,0.588,0.8,1.4,0.581,1.3,2.3,3.6,0.2,0.2,1.3,0.6,2.4,3.1
329,Chris Wilcox,2010,0,PF,27,DET,34,10,13,1.9,3.5,0.525,0,0,,1.9,3.5,0.525,0.525,0.8,1.5,0.5,1.3,2.1,3.4,0.4,0.4,0.4,1.1,1.9,4.5
330,Julian Wright,2010,0,SF,22,NOH,68,14,12.8,1.7,3.4,0.5,0,0.1,0.333,1.7,3.3,0.504,0.504,0.4,0.6,0.61,0.9,1.3,2.1,0.6,0.4,0.3,0.6,0.7,3.8
331,Jon Brockman,2010,0,PF,22,SAC,52,4,12.6,1.1,2,0.534,0,0,,1.1,2,0.534,0.534,0.7,1.2,0.597,2,2.1,4.1,0.4,0.3,0.1,0.4,2.2,2.8
332,Rodney Carney,2010,0,SG,25,PHI,68,0,12.6,1.7,4.1,0.401,0.6,2,0.304,1.1,2.2,0.49,0.473,0.8,0.9,0.825,0.4,1.6,2,0.5,0.4,0.3,0.3,1.2,4.7
333,Rodrigue Beaubois,2010,0,PG,21,DAL,56,16,12.5,2.8,5.3,0.518,0.8,2,0.409,2,3.4,0.582,0.594,0.8,0.9,0.808,0.2,1.2,1.4,1.3,0.5,0.2,1,1.5,7.1
334,Josh McRoberts,2010,0,C,22,IND,42,3,12.5,1.8,3.5,0.521,0.2,0.5,0.348,1.6,2.9,0.553,0.548,0.5,0.9,0.5,1,2.1,3,1,0.4,0.4,0.5,1.8,4.3
335,Sasha Pavlovic,2010,0,SF,26,MIN,71,0,12.4,1.5,4.2,0.363,0.5,1.7,0.297,1,2.6,0.407,0.422,0.1,0.4,0.385,0.2,1.5,1.6,0.8,0.3,0.1,0.7,1.2,3.7
336,Chris Richard,2010,0,PF,25,CHI,18,0,12.4,0.8,1.6,0.517,0,0,,0.8,1.6,0.517,0.517,0.4,0.6,0.636,1.1,2.2,3.3,0.4,0.4,0.2,0.8,2.8,2.1
337,Garrett Temple,2010,0,SG,23,TOT,27,4,12.4,1.6,3.7,0.436,0.5,1.4,0.351,1.1,2.4,0.484,0.5,1.3,1.9,0.7,0.2,0.9,1.1,0.8,0.5,0.2,1,1.6,5
338,Johan Petro,2010,0,C,24,DEN,36,16,12.1,1.5,2.8,0.535,0,0,0,1.5,2.8,0.54,0.535,0.4,0.6,0.667,0.9,2.7,3.6,0.4,0.3,0.4,0.6,2.2,3.4
339,Joey Graham,2010,0,SF,27,DEN,63,18,12,1.7,3.2,0.52,0,0.2,0.154,1.6,3,0.545,0.525,0.9,1.2,0.74,0.6,1.3,2,0.3,0.4,0.1,0.7,1.7,4.2
340,Jodie Meeks,2010,0,SG,22,TOT,60,0,12,1.7,4.5,0.388,0.7,2.2,0.318,1,2.3,0.456,0.466,0.5,0.7,0.795,0.2,1.5,1.7,0.7,0.3,0.1,0.4,0.9,4.7
341,Kenny Thomas,2010,0,PF,32,SAC,26,2,12,0.7,1.3,0.486,0,0,,0.7,1.3,0.486,0.486,0.3,0.5,0.583,1.3,2,3.3,0.6,0.4,0.4,0.7,1.6,1.6
342,Kyle Weaver,2010,0,SG,23,OKC,12,0,12,1,2.8,0.364,0.6,1.6,0.368,0.4,1.2,0.357,0.47,0.4,0.5,0.833,0.1,1.4,1.5,0.9,0.5,0.5,0.3,1.1,3
343,Leon Powe,2010,0,SF,26,CLE,20,2,11.8,1.1,2.5,0.429,0,0,,1.1,2.5,0.429,0.429,1.9,3.2,0.587,1,2.1,3.1,0,0.3,0.1,0.6,1.8,4
344,Jason Smith,2010,0,PF,23,PHI,56,2,11.8,1.3,3.1,0.431,0.2,0.5,0.345,1.2,2.6,0.448,0.46,0.5,0.8,0.69,1,1.4,2.4,0.6,0.4,0.5,0.6,2,3.4
345,Jonathan Bender,2010,0,SF,29,NYK,25,1,11.7,1.6,4,0.4,0.6,1.6,0.359,1,2.4,0.426,0.47,1,1,0.923,0.6,1.5,2.1,0.6,0.1,0.7,1.1,1.3,4.7
346,James Johnson,2010,0,PF,22,CHI,65,11,11.6,1.5,3.2,0.452,0.2,0.7,0.326,1.2,2.5,0.488,0.488,0.8,1.1,0.729,0.5,1.4,2,0.7,0.3,0.7,1,1.9,3.9
347,Bobby Brown,2010,0,PG,25,TOT,45,0,11.5,2,5.3,0.371,0.6,2.2,0.265,1.4,3.1,0.446,0.426,0.3,0.3,0.867,0.2,0.6,0.8,2,0.3,0,1,0.9,4.8
348,Stephen Graham,2010,0,SG,27,CHA,70,8,11.5,1.7,3.4,0.496,0.2,0.7,0.32,1.5,2.7,0.542,0.529,0.6,0.9,0.646,0.3,1.6,1.9,0.3,0.3,0.1,0.5,1.3,4.2
349,Mike James,2010,0,PG,34,WAS,4,0,11.5,1.5,5,0.3,0.5,1.5,0.333,1,3.5,0.286,0.35,1,2,0.5,0.3,0.5,0.8,1.3,0.8,0,1.3,0.8,4.5
350,Fabricio Oberto,2010,0,C,34,WAS,57,20,11.4,0.6,1,0.625,0,0,,0.6,1,0.625,0.625,0.2,0.3,0.765,0.6,1.2,1.8,0.9,0.2,0.2,0.6,2.1,1.5
351,Sean Williams,2010,0,PF,23,NJN,20,0,11.4,1.1,2.5,0.429,0,0.1,0,1.1,2.4,0.438,0.429,0.5,1,0.526,1.1,1.3,2.3,0.1,0.4,1,1,2.1,2.6
352,DeMarre Carroll,2010,0,SF,23,MEM,71,1,11.2,1.2,3.1,0.396,0,0.1,0,1.2,3,0.407,0.396,0.5,0.7,0.623,0.7,1.4,2.1,0.5,0.4,0.1,0.3,1.5,2.9
353,Dante Cunningham,2010,0,PF,22,POR,63,2,11.2,1.7,3.4,0.495,0,0,0,1.7,3.4,0.5,0.495,0.5,0.8,0.646,0.9,1.7,2.5,0.2,0.4,0.3,0.2,1.5,3.9
354,Marcus Banks,2010,0,PG,28,TOR,22,0,11.1,1.8,3.3,0.534,0.3,1.1,0.292,1.5,2.2,0.653,0.582,1.1,1.3,0.828,0.1,0.9,1,1.2,0.5,0.1,0.9,1.4,5
355,Reggie Evans,2010,0,PF,29,TOR,28,1,11.1,1.2,2.5,0.493,0,0,,1.2,2.5,0.493,0.493,1,2.1,0.45,1.1,2.7,3.8,0.3,0.5,0.1,0.8,1.6,3.4
356,Shelden Williams,2010,0,PF,26,BOS,54,0,11.1,1.2,2.2,0.521,0,0,0,1.2,2.2,0.525,0.521,1.4,1.8,0.765,0.9,1.8,2.7,0.4,0.2,0.4,0.6,1.6,3.7
357,Mardy Collins,2010,0,SG,25,LAC,43,0,10.9,1.1,3,0.367,0.1,0.4,0.235,1,2.6,0.387,0.383,0.3,0.5,0.619,0.3,0.9,1.2,1,0.5,0,0.7,1,2.6
358,Quinton Ross,2010,0,SF,28,TOT,52,7,10.8,0.8,2.1,0.36,0.1,0.4,0.19,0.7,1.7,0.4,0.378,0.2,0.3,0.571,0.3,0.6,0.9,0.2,0.3,0.1,0.2,1.3,1.8
359,Nathan Jawai,2010,0,C,23,MIN,39,2,10.6,1.3,2.8,0.441,0,0,0,1.3,2.8,0.445,0.441,0.7,1,0.684,1.3,1.4,2.7,0.6,0.3,0.2,0.7,1.5,3.2
360,Kevin Ollie,2010,0,PG,37,OKC,25,0,10.5,0.7,1.8,0.4,0,0,0,0.7,1.8,0.409,0.4,0.3,0.3,1,0.1,0.9,1,0.8,0.4,0,0.2,0.6,1.8
361,Jeff Ayres,2010,0,C,22,POR,39,4,10.4,1.1,1.7,0.662,0,0,,1.1,1.7,0.662,0.662,0.5,0.5,0.9,0.6,1.9,2.5,0,0.2,0.4,0.3,1.9,2.7
362,Hilton Armstrong,2010,0,PF,25,TOT,33,0,10.2,0.8,2.4,0.354,0,0,0,0.8,2.4,0.359,0.354,0.5,1,0.469,0.8,1.6,2.5,0.6,0.5,0.4,0.7,1.8,2.2
363,Oleksiy Pecherov,2010,0,C,24,MIN,44,5,10.2,1.8,4.3,0.41,0.3,1.2,0.269,1.4,3.1,0.463,0.447,0.7,0.7,0.906,0.7,2.1,2.8,0.3,0.2,0.3,0.7,1.3,4.5
364,Jeff Teague,2010,0,PG,21,ATL,71,3,10.1,1.3,3.2,0.396,0.1,0.5,0.219,1.2,2.7,0.426,0.412,0.6,0.7,0.837,0.1,0.9,0.9,1.7,0.5,0.2,0.7,1.2,3.2
365,Jamaal Magloire,2010,0,C,31,MIA,36,0,10,0.8,1.6,0.5,0,0,,0.8,1.6,0.5,0.5,0.6,1.6,0.356,1.1,2.2,3.4,0,0.3,0.3,0.5,1.6,2.1
366,Dan Gadzuric,2010,0,C,31,MIL,32,6,9.8,1.2,2.8,0.438,0,0,,1.2,2.8,0.438,0.438,0.3,0.8,0.4,1.2,1.7,2.9,0.4,0.3,0.4,0.5,2,2.8
367,Rasho Nesterovic,2010,0,C,33,TOR,42,8,9.8,1.9,3.5,0.544,0,0,,1.9,3.5,0.544,0.544,0,0.1,0.2,0.9,1.2,2.1,0.6,0.2,0.4,0.4,1.3,3.9
368,Jermaine Taylor,2010,0,SG,23,HOU,31,4,9.8,1.5,3.8,0.378,0.2,0.7,0.227,1.3,3.1,0.412,0.399,1.1,1.5,0.717,0.7,0.8,1.5,0.5,0.3,0.1,0.6,0.5,4.1
369,DeSagana Diop,2010,0,C,28,CHA,27,0,9.7,0.6,1.1,0.517,0,0,,0.6,1.1,0.517,0.517,0.1,0.3,0.222,0.9,1.5,2.4,0.2,0.2,0.5,0.4,1.1,1.2
370,Aaron Gray,2010,0,C,25,TOT,32,0,9.7,1.3,2.6,0.512,0,0,,1.3,2.6,0.512,0.512,0.6,0.9,0.714,1.4,1.9,3.3,0.7,0.3,0.3,0.6,1.7,3.3
371,Derrick Brown,2010,0,SF,22,CHA,57,0,9.4,1.2,2.6,0.463,0,0.1,0.286,1.2,2.5,0.471,0.469,0.8,1.3,0.667,0.5,0.8,1.4,0.3,0.4,0.2,0.3,0.9,3.3
372,Lindsey Hunter,2010,0,PG,39,CHI,13,0,9.4,0.4,2.3,0.167,0.1,1,0.077,0.3,1.3,0.235,0.183,0.2,0.2,1,0.1,1,1.1,0.7,0.1,0,0.3,0.9,1
373,Luke Walton,2010,0,SF,29,LAL,29,0,9.4,1,2.9,0.357,0.2,0.6,0.412,0.8,2.3,0.343,0.399,0.1,0.1,0.5,0.4,0.9,1.3,1.4,0.3,0,0.4,0.7,2.4
374,Joe Smith,2010,0,PF,34,ATL,64,1,9.3,1.2,3,0.399,0,0.1,0.143,1.2,2.9,0.409,0.402,0.6,0.8,0.813,1,1.4,2.5,0.3,0.1,0.3,0.3,1.5,3
375,Brian Cardinal,2010,0,PF,32,MIN,29,0,9.2,0.5,1.2,0.389,0.1,0.3,0.333,0.4,0.9,0.407,0.431,0.6,0.6,0.944,0.2,0.8,1,0.8,0.3,0.1,0.2,1.9,1.7
376,Josh Powell,2010,0,PF,27,LAL,63,0,9.2,1.1,3.1,0.366,0.1,0.3,0.438,1,2.8,0.36,0.384,0.3,0.5,0.645,0.7,1.1,1.8,0.6,0.1,0.1,0.5,1.1,2.7
377,DaJuan Summers,2010,0,SF,22,DET,44,0,9.2,1,3,0.354,0.3,1,0.357,0.7,2,0.352,0.412,0.6,0.9,0.711,0.3,0.7,1,0.4,0.2,0.2,0.4,1.2,3
378,Brian Scalabrine,2010,0,PF,31,BOS,52,3,9.1,0.6,1.6,0.341,0.3,0.9,0.327,0.3,0.7,0.361,0.435,0.1,0.1,0.667,0.2,0.8,0.9,0.5,0.2,0.1,0.3,1.1,1.5
379,Acie Law,2010,0,PG,25,TOT,26,1,9,1.3,2.9,0.467,0.2,0.6,0.313,1.2,2.3,0.508,0.5,1.5,1.9,0.776,0.1,0.5,0.7,1,0.4,0,0.7,0.6,4.3
380,Malik Allen,2010,0,PF,31,DEN,51,3,8.9,0.9,2.3,0.397,0,0.1,0.167,0.9,2.2,0.409,0.401,0.2,0.3,0.923,0.7,0.9,1.6,0.3,0.2,0.1,0.4,1.3,2.1
381,Tony Battie,2010,0,C,33,NJN,15,0,8.9,0.9,2.7,0.35,0.1,0.3,0.25,0.9,2.4,0.361,0.363,0.5,0.7,0.7,0.3,1.3,1.5,0.2,0.3,0.1,0.2,1.3,2.4
382,Eddy Curry,2010,0,C,27,NYK,7,0,8.9,1.1,3,0.381,0,0,,1.1,3,0.381,0.381,1.4,2.4,0.588,0.6,1.3,1.9,0,0,0.1,1.9,1.9,3.7
383,Sean May,2010,0,C,25,SAC,37,4,8.9,1.4,3,0.459,0,0.1,0,1.4,2.9,0.477,0.459,0.6,0.9,0.656,0.5,1.4,1.9,0.5,0.3,0.2,0.5,1.2,3.3
384,Chris Quinn,2010,0,PG,26,NJN,25,0,8.9,0.8,2.2,0.357,0.4,1.3,0.313,0.4,1,0.417,0.446,0.2,0.2,1,0,0.6,0.6,1.2,0.4,0,0.4,0.6,2.2
385,Shavlik Randolph,2010,0,PF,26,TOT,6,0,8.8,1,3,0.333,0,0,,1,3,0.333,0.333,0.3,0.3,1,1.2,1.2,2.3,0.2,0.2,0.2,0.5,1.5,2.3
386,Sasha Vujacic,2010,0,SG,25,LAL,67,1,8.6,1,2.4,0.402,0.4,1.2,0.309,0.6,1.2,0.494,0.479,0.4,0.5,0.848,0.4,0.8,1.2,0.6,0.3,0.1,0.3,1,2.8
387,D.J. White,2010,0,PF,23,OKC,12,0,8.5,2.1,3.4,0.61,0,0,,2.1,3.4,0.61,0.61,0.8,0.8,0.9,0.8,1.1,1.9,0.3,0.4,0.3,0.3,1,4.9
388,Kyrylo Fesenko,2010,0,C,23,UTA,49,5,8.3,1.1,1.9,0.547,0,0,0,1.1,1.9,0.553,0.547,0.5,1.2,0.421,0.7,1.2,1.8,0.3,0.1,0.4,0.5,1.6,2.6
389,Gerald Henderson,2010,0,SG,22,CHA,43,0,8.3,0.9,2.4,0.356,0.1,0.4,0.211,0.8,2,0.388,0.375,0.8,1.1,0.745,0.3,0.9,1.3,0.3,0.2,0.2,0.3,0.6,2.6
390,Kareem Rush,2010,0,SG,29,LAC,7,0,8.3,0.6,1.6,0.364,0.1,0.4,0.333,0.4,1.1,0.375,0.409,0,0,,0.1,0.7,0.9,0.6,0.3,0.4,0.4,1.1,1.3
391,Ryan Bowen,2010,0,SF,34,OKC,1,0,8,1,1,1,0,0,,1,1,1,1,2,2,1,1,1,2,0,1,0,0,2,4
392,Adam Morrison,2010,0,SF,25,LAL,31,0,7.8,1,2.7,0.376,0.2,0.7,0.238,0.9,2.1,0.422,0.406,0.2,0.3,0.625,0.3,0.7,1,0.6,0.1,0.1,0.3,0.5,2.4
393,Jarron Collins,2010,0,C,31,PHO,34,10,7.7,0.4,0.9,0.387,0,0,,0.4,0.9,0.387,0.387,0.3,0.7,0.4,0.6,1.2,1.8,0.2,0.1,0.1,0.3,1.2,1
394,Brian Skinner,2010,0,PF,33,LAC,16,1,7.7,0.6,1.6,0.4,0,0,,0.6,1.6,0.4,0.4,0.4,0.5,0.75,0.6,1.1,1.7,0,0.2,0.3,0.4,1.3,1.6
395,Earl Clark,2010,0,PF,22,PHO,51,0,7.5,1.1,3,0.371,0,0.1,0.4,1.1,2.9,0.37,0.377,0.5,0.7,0.722,0.4,0.9,1.2,0.4,0.1,0.3,0.5,0.5,2.7
396,J.R. Giddens,2010,0,SF,24,TOT,32,1,7.5,0.9,1.9,0.467,0,0.3,0,0.9,1.6,0.56,0.467,0.4,0.7,0.565,0.5,1.1,1.6,0.4,0.3,0.1,0.5,0.9,2.2
397,Steven Hunter,2010,0,C,28,MEM,21,0,7.5,0.8,2,0.395,0,0,,0.8,2,0.395,0.395,0.9,1.7,0.528,0.9,1.1,2,0,0,0.5,0.4,0.5,2.5
398,Roko Ukic,2010,0,PG,25,MIL,13,0,7.5,1.1,2.3,0.467,0.2,0.9,0.25,0.8,1.4,0.611,0.517,0.7,0.8,0.818,0,0.2,0.2,0.9,0.1,0,0.5,0.5,3.1
399,Mike Harris,2010,0,PF,26,TOT,13,0,7.4,0.8,2.3,0.367,0,0.1,0,0.8,2.2,0.379,0.367,0.5,0.8,0.636,0.8,1.1,1.8,0.2,0.4,0.1,0.7,1.1,2.2
400,Royal Ivey,2010,0,SG,28,TOT,44,0,7.4,0.8,1.9,0.422,0.3,0.8,0.4,0.5,1.1,0.438,0.506,0.2,0.3,0.75,0.1,0.6,0.8,0.6,0.4,0,0.3,0.9,2.1
401,Yakhouba Diawara,2010,0,SG,27,MIA,6,2,7.3,0.3,1.7,0.2,0.2,1,0.167,0.2,0.7,0.25,0.25,0,0,,0.2,0.5,0.7,0.5,0.2,0,0.5,1.3,0.8
402,Will Conroy,2010,0,PG,27,HOU,5,0,7.2,0.6,2,0.3,0,0.6,0,0.6,1.4,0.429,0.3,0,0.4,0,0,0.6,0.6,1.4,0,0,0.8,1,1.2
403,Didier Ilunga-Mbenga,2010,0,C,29,LAL,49,2,7.2,1,2.1,0.466,0,0,,1,2.1,0.466,0.466,0.2,0.4,0.474,0.7,1.1,1.8,0.2,0.1,0.6,0.3,1.1,2.1
404,Joey Dorsey,2010,0,PF,26,TOT,15,0,7.1,0.6,1.3,0.45,0,0,,0.6,1.3,0.45,0.45,0.3,0.8,0.417,1.1,1.8,2.9,0.1,0.2,0.1,0.4,1.4,1.5
405,Renaldo Balkman,2010,0,SF,25,DEN,13,1,7,0.5,1.4,0.333,0,0.5,0,0.5,0.8,0.545,0.333,0.2,0.5,0.333,0.3,1.5,1.8,0.5,0.6,0.2,0.5,1.2,1.1
406,Sundiata Gaines,2010,0,PG,23,UTA,32,0,6.8,1.2,2.6,0.463,0.2,0.8,0.269,1,1.8,0.554,0.506,0.7,1.4,0.5,0.2,0.7,0.9,1.2,0.4,0,0.4,0.5,3.3
407,Hamed Haddadi,2010,0,C,24,MEM,36,0,6.7,0.7,1.7,0.387,0,0.1,0,0.7,1.6,0.407,0.387,0.4,0.5,0.737,0.7,1.4,2.1,0.3,0,0.4,0.6,1.6,1.7
408,Malik Hairston,2010,0,SG,22,SAS,47,0,6.7,0.9,1.6,0.526,0,0.2,0.182,0.8,1.4,0.585,0.539,0.4,0.6,0.567,0.3,0.8,1,0.3,0.1,0.2,0.2,0.6,2.1
409,Steve Novak,2010,0,SF,26,LAC,54,0,6.7,0.8,2,0.389,0.4,1.3,0.31,0.4,0.7,0.541,0.491,0.1,0.2,0.778,0,0.6,0.6,0.1,0.1,0,0,0.4,2.1
410,Alando Tucker,2010,0,SF,25,TOT,15,0,6.4,1.1,2.6,0.436,0.1,0.5,0.143,1.1,2.1,0.5,0.449,1.1,1.4,0.762,0.4,0.3,0.7,0.3,0,0,0.3,0.4,3.4
411,Ian Mahinmi,2010,0,C,23,SAS,26,0,6.3,1.3,2.1,0.636,0,0,,1.3,2.1,0.636,0.636,1.2,1.8,0.66,0.5,1.5,2,0.1,0.1,0.3,0.6,1.2,3.9
412,Cedric Jackson,2010,0,PG,23,TOT,12,0,6.2,0.5,1.7,0.3,0.1,0.5,0.167,0.4,1.2,0.357,0.325,0.6,1,0.583,0.2,0.5,0.7,1.2,0.3,0.2,0.9,0.6,1.7
413,Marcus Landry,2010,0,SF,24,TOT,18,0,6.2,0.9,2.4,0.372,0.5,1.6,0.321,0.4,0.8,0.467,0.477,0.2,0.3,0.6,0.3,0.8,1.1,0,0.1,0.1,0.3,0.8,2.4
414,Dominic McGuire,2010,0,SF,24,TOT,51,2,6,0.4,1,0.365,0,0,,0.4,1,0.365,0.365,0,0.1,0,0.5,1.1,1.5,0.2,0.1,0.1,0.3,0.7,0.7
415,Pops Mensah-Bonsu,2010,0,PF,26,TOT,20,0,6,0.7,1.7,0.394,0,0,,0.7,1.7,0.394,0.394,0.7,1.2,0.542,0.8,1,1.8,0.2,0.2,0.5,0.5,1,2
416,Danny Green,2010,0,SG,22,CLE,20,0,5.8,0.8,2,0.385,0.3,1.1,0.273,0.5,0.9,0.529,0.462,0.2,0.3,0.667,0.4,0.5,0.9,0.3,0.3,0.2,0.3,0.5,2
417,Travis Diener,2010,0,PG,27,TOT,9,0,5.7,0.2,1.1,0.2,0.1,0.8,0.143,0.1,0.3,0.333,0.25,0.1,0.4,0.25,0,0.3,0.3,0.9,0.4,0,0,0.2,0.7
418,Francisco Elson,2010,0,C,33,TOT,12,0,5.5,0.4,1.3,0.333,0,0,,0.4,1.3,0.333,0.333,0.2,0.4,0.4,0.5,0.7,1.2,0.2,0.1,0,0.1,0.6,1
419,Sean Marks,2010,0,C,34,NOH,14,0,5.4,0.3,0.6,0.5,0,0,,0.3,0.6,0.5,0.5,0.1,0.4,0.4,1,0.6,1.6,0.1,0,0.2,0.1,1.2,0.7
420,Lester Hudson,2010,0,PG,25,TOT,25,0,5.2,0.8,2.1,0.396,0.2,0.6,0.313,0.6,1.5,0.432,0.443,0.4,0.5,0.846,0.3,0.4,0.7,0.5,0.3,0.1,0.6,0.5,2.3
421,Othyus Jeffers,2010,0,SG,24,UTA,14,0,5.2,0.9,2.1,0.414,0,0,,0.9,2.1,0.414,0.414,0.9,1.4,0.684,0.6,0.8,1.4,0.1,0.3,0,0.4,0.7,2.6
422,Alexis Ajinca,2010,0,C,21,CHA,6,0,5,0.8,1.7,0.5,0,0,,0.8,1.7,0.5,0.5,0,0.2,0,0.2,0.5,0.7,0,0.2,0.2,0.3,0.8,1.7
423,Matt Carroll,2010,0,SG,29,DAL,25,0,4.8,0.7,2,0.36,0.2,0.8,0.211,0.6,1.2,0.452,0.4,0.2,0.2,1,0.2,0.3,0.5,0.2,0.2,0,0.3,0.5,1.8
424,Jason Collins,2010,0,C,31,ATL,24,0,4.8,0.3,1,0.348,0,0,0,0.3,0.9,0.364,0.348,0,0.1,0,0.2,0.4,0.6,0.2,0.1,0.1,0.2,0.9,0.7
425,Kosta Koufos,2010,0,C,20,UTA,36,0,4.8,0.6,1.3,0.468,0,0,,0.6,1.3,0.468,0.468,0.3,0.4,0.6,0.4,0.8,1.3,0.2,0.1,0.1,0.4,0.7,1.5
426,Othello Hunter,2010,0,SF,23,ATL,7,0,4.7,0.6,1.7,0.333,0,0,,0.6,1.7,0.333,0.333,0.4,0.6,0.75,0.9,0.9,1.7,0,0,0.1,0.4,0.7,1.6
427,Patrick O'Bryant,2010,0,C,23,TOR,11,0,4.6,0.7,1.4,0.533,0,0.1,0,0.7,1.3,0.571,0.533,0.3,0.5,0.5,0.2,0.8,1,0.1,0.2,0.4,0.5,1.1,1.7
428,Primoz Brezec,2010,0,C,30,TOT,21,0,4.5,0.4,1.2,0.346,0,0,,0.4,1.2,0.346,0.346,0,0.3,0.167,0.6,0.6,1.2,0,0,0.1,0.1,0.9,0.9
429,Marcus Haislip,2010,0,SF,29,SAS,10,0,4.4,1,2.1,0.476,0.3,0.5,0.6,0.7,1.6,0.438,0.548,0.2,0.5,0.4,0.4,0.6,1,0,0,0.2,0.3,0.5,2.5
430,Jason Hart,2010,0,PG,31,TOT,5,0,4.4,0.2,0.4,0.5,0,0,,0.2,0.4,0.5,0.5,0,0,,0,0.4,0.4,1.2,0.4,0.2,0.6,0.8,0.4
431,Darnell Jackson,2010,0,PF,24,TOT,28,0,4.4,0.3,1.1,0.3,0,0.1,0.25,0.3,0.9,0.308,0.317,0.1,0.2,0.667,0.3,0.5,0.8,0.1,0.1,0.1,0.5,0.8,0.8
432,Randolph Morris,2010,0,PF,24,ATL,28,0,4.4,0.8,1.5,0.561,0,0,,0.8,1.5,0.561,0.561,0.6,1,0.593,0.4,1,1.4,0.1,0.2,0.1,0.4,1.2,2.2
433,Byron Mullens,2010,0,PF,20,OKC,13,0,4.2,0.5,1.5,0.368,0,0,,0.5,1.5,0.368,0.368,0,0,,0.2,0.5,0.8,0.1,0.2,0,0.3,1,1.1
434,Paul Davis,2010,0,PF,25,WAS,2,0,4,1,2,0.5,0,0,,1,2,0.5,0.5,0.5,1,0.5,0,0,0,1.5,0,0.5,0,0,2.5
435,Taylor Griffin,2010,0,SF,23,PHO,8,0,4,0.5,1.3,0.4,0,0.3,0,0.5,1,0.5,0.4,0.3,0.5,0.5,0,0.3,0.3,0.1,0,0.3,0.1,0.5,1.3
436,Patty Mills,2010,0,PG,21,POR,10,0,3.8,1,2.4,0.417,0.2,0.4,0.5,0.8,2,0.4,0.458,0.4,0.7,0.571,0.1,0.1,0.2,0.5,0,0,0.4,0.6,2.6
437,Joe Alexander,2010,0,SF,23,CHI,8,0,3.6,0.1,0.8,0.167,0,0.1,0,0.1,0.6,0.2,0.167,0.3,0.4,0.667,0.3,0.4,0.6,0.3,0.1,0.1,0,1.1,0.5
438,Mario West,2010,0,SG,25,ATL,39,1,3.6,0.3,0.5,0.571,0,0,0,0.3,0.5,0.6,0.571,0.2,0.3,0.6,0.2,0.5,0.7,0.2,0.2,0,0.2,0.6,0.8
439,Dwayne Jones,2010,0,PF,26,PHO,2,0,3.5,0,0,,0,0,,0,0,,,0,0,,0,1,1,0,0,0,0,0.5,0
440,Brian Cook,2010,0,PF,29,HOU,15,0,2.9,0.5,1.5,0.304,0.1,0.6,0.222,0.3,0.9,0.357,0.348,0.3,0.5,0.714,0.1,0.5,0.6,0.1,0,0.1,0.4,0.3,1.4
441,Trey Gilder,2010,0,SF,25,MEM,2,0,2.5,0.5,0.5,1,0,0,,0.5,0.5,1,1,0,0,,0,0.5,0.5,0,0.5,0,0,0,1
442,JamesOn Curry,2010,0,PG,24,LAC,1,0,0,0,0,,0,0,,0,0,,,0,0,,0,0,0,0,0,0,0,0,0
